-- MySQL dump 10.13  Distrib 8.0.27, for Linux (x86_64)
--
-- Host: localhost    Database: dogapi
-- ------------------------------------------------------
-- Server version	8.0.27

/*!40101 SET @OLD_CHARACTER_SET_CLIENT=@@CHARACTER_SET_CLIENT */;
/*!40101 SET @OLD_CHARACTER_SET_RESULTS=@@CHARACTER_SET_RESULTS */;
/*!40101 SET @OLD_COLLATION_CONNECTION=@@COLLATION_CONNECTION */;
/*!50503 SET NAMES utf8mb4 */;
/*!40103 SET @OLD_TIME_ZONE=@@TIME_ZONE */;
/*!40103 SET TIME_ZONE='+00:00' */;
/*!40014 SET @OLD_UNIQUE_CHECKS=@@UNIQUE_CHECKS, UNIQUE_CHECKS=0 */;
/*!40014 SET @OLD_FOREIGN_KEY_CHECKS=@@FOREIGN_KEY_CHECKS, FOREIGN_KEY_CHECKS=0 */;
/*!40101 SET @OLD_SQL_MODE=@@SQL_MODE, SQL_MODE='NO_AUTO_VALUE_ON_ZERO' */;
/*!40111 SET @OLD_SQL_NOTES=@@SQL_NOTES, SQL_NOTES=0 */;

--
-- Table structure for table `auth_group`
--

DROP TABLE IF EXISTS `auth_group`;
/*!40101 SET @saved_cs_client     = @@character_set_client */;
/*!50503 SET character_set_client = utf8mb4 */;
CREATE TABLE `auth_group` (
  `id` int NOT NULL AUTO_INCREMENT,
  `name` varchar(150) NOT NULL,
  PRIMARY KEY (`id`),
  UNIQUE KEY `name` (`name`)
) ENGINE=InnoDB DEFAULT CHARSET=utf8mb4 COLLATE=utf8mb4_0900_ai_ci;
/*!40101 SET character_set_client = @saved_cs_client */;

--
-- Dumping data for table `auth_group`
--

LOCK TABLES `auth_group` WRITE;
/*!40000 ALTER TABLE `auth_group` DISABLE KEYS */;
/*!40000 ALTER TABLE `auth_group` ENABLE KEYS */;
UNLOCK TABLES;

--
-- Table structure for table `auth_group_permissions`
--

DROP TABLE IF EXISTS `auth_group_permissions`;
/*!40101 SET @saved_cs_client     = @@character_set_client */;
/*!50503 SET character_set_client = utf8mb4 */;
CREATE TABLE `auth_group_permissions` (
  `id` bigint NOT NULL AUTO_INCREMENT,
  `group_id` int NOT NULL,
  `permission_id` int NOT NULL,
  PRIMARY KEY (`id`),
  UNIQUE KEY `auth_group_permissions_group_id_permission_id_0cd325b0_uniq` (`group_id`,`permission_id`),
  KEY `auth_group_permissio_permission_id_84c5c92e_fk_auth_perm` (`permission_id`),
  CONSTRAINT `auth_group_permissio_permission_id_84c5c92e_fk_auth_perm` FOREIGN KEY (`permission_id`) REFERENCES `auth_permission` (`id`),
  CONSTRAINT `auth_group_permissions_group_id_b120cbf9_fk_auth_group_id` FOREIGN KEY (`group_id`) REFERENCES `auth_group` (`id`)
) ENGINE=InnoDB DEFAULT CHARSET=utf8mb4 COLLATE=utf8mb4_0900_ai_ci;
/*!40101 SET character_set_client = @saved_cs_client */;

--
-- Dumping data for table `auth_group_permissions`
--

LOCK TABLES `auth_group_permissions` WRITE;
/*!40000 ALTER TABLE `auth_group_permissions` DISABLE KEYS */;
/*!40000 ALTER TABLE `auth_group_permissions` ENABLE KEYS */;
UNLOCK TABLES;

--
-- Table structure for table `auth_permission`
--

DROP TABLE IF EXISTS `auth_permission`;
/*!40101 SET @saved_cs_client     = @@character_set_client */;
/*!50503 SET character_set_client = utf8mb4 */;
CREATE TABLE `auth_permission` (
  `id` int NOT NULL AUTO_INCREMENT,
  `name` varchar(255) NOT NULL,
  `content_type_id` int NOT NULL,
  `codename` varchar(100) NOT NULL,
  PRIMARY KEY (`id`),
  UNIQUE KEY `auth_permission_content_type_id_codename_01ab375a_uniq` (`content_type_id`,`codename`),
  CONSTRAINT `auth_permission_content_type_id_2f476e4b_fk_django_co` FOREIGN KEY (`content_type_id`) REFERENCES `django_content_type` (`id`)
) ENGINE=InnoDB AUTO_INCREMENT=33 DEFAULT CHARSET=utf8mb4 COLLATE=utf8mb4_0900_ai_ci;
/*!40101 SET character_set_client = @saved_cs_client */;

--
-- Dumping data for table `auth_permission`
--

LOCK TABLES `auth_permission` WRITE;
/*!40000 ALTER TABLE `auth_permission` DISABLE KEYS */;
INSERT INTO `auth_permission` VALUES (1,'Can add permission',1,'add_permission'),(2,'Can change permission',1,'change_permission'),(3,'Can delete permission',1,'delete_permission'),(4,'Can view permission',1,'view_permission'),(5,'Can add group',2,'add_group'),(6,'Can change group',2,'change_group'),(7,'Can delete group',2,'delete_group'),(8,'Can view group',2,'view_group'),(9,'Can add content type',3,'add_contenttype'),(10,'Can change content type',3,'change_contenttype'),(11,'Can delete content type',3,'delete_contenttype'),(12,'Can view content type',3,'view_contenttype'),(13,'Can add user',4,'add_user'),(14,'Can change user',4,'change_user'),(15,'Can delete user',4,'delete_user'),(16,'Can view user',4,'view_user'),(17,'Can add log entry',5,'add_logentry'),(18,'Can change log entry',5,'change_logentry'),(19,'Can delete log entry',5,'delete_logentry'),(20,'Can view log entry',5,'view_logentry'),(21,'Can add session',6,'add_session'),(22,'Can change session',6,'change_session'),(23,'Can delete session',6,'delete_session'),(24,'Can view session',6,'view_session'),(25,'Can add breed',7,'add_breed'),(26,'Can change breed',7,'change_breed'),(27,'Can delete breed',7,'delete_breed'),(28,'Can view breed',7,'view_breed'),(29,'Can add dog',8,'add_dog'),(30,'Can change dog',8,'change_dog'),(31,'Can delete dog',8,'delete_dog'),(32,'Can view dog',8,'view_dog');
/*!40000 ALTER TABLE `auth_permission` ENABLE KEYS */;
UNLOCK TABLES;

--
-- Table structure for table `core_user`
--

DROP TABLE IF EXISTS `core_user`;
/*!40101 SET @saved_cs_client     = @@character_set_client */;
/*!50503 SET character_set_client = utf8mb4 */;
CREATE TABLE `core_user` (
  `id` bigint NOT NULL AUTO_INCREMENT,
  `password` varchar(128) NOT NULL,
  `last_login` datetime(6) DEFAULT NULL,
  `is_superuser` tinyint(1) NOT NULL,
  `username` varchar(150) NOT NULL,
  `first_name` varchar(150) NOT NULL,
  `last_name` varchar(150) NOT NULL,
  `is_staff` tinyint(1) NOT NULL,
  `is_active` tinyint(1) NOT NULL,
  `date_joined` datetime(6) NOT NULL,
  `email` varchar(254) NOT NULL,
  PRIMARY KEY (`id`),
  UNIQUE KEY `username` (`username`),
  UNIQUE KEY `email` (`email`)
) ENGINE=InnoDB AUTO_INCREMENT=3 DEFAULT CHARSET=utf8mb4 COLLATE=utf8mb4_0900_ai_ci;
/*!40101 SET character_set_client = @saved_cs_client */;

--
-- Dumping data for table `core_user`
--

LOCK TABLES `core_user` WRITE;
/*!40000 ALTER TABLE `core_user` DISABLE KEYS */;
INSERT INTO `core_user` VALUES (1,'pbkdf2_sha256$260000$3Ny02llzqh04C5ilROLHKB$rHaAeQhIFl78Xep4VcxQ24LZpBKHe+q/Xl0nA8hezX0=','2021-10-31 14:26:38.819458',1,'admin','','',1,1,'2021-10-31 09:21:41.577486','admin@domain.com'),(2,'pbkdf2_sha256$260000$YXe2zh8JHmiSCHV7BpctWY$3yJv6lnSOJy4H2jGQOMER+/cMYQfWLfq3k3k9JBF8RE=',NULL,0,'user1','user','num1_admin',0,1,'2021-10-31 09:44:21.535941','user1@domain.com');
/*!40000 ALTER TABLE `core_user` ENABLE KEYS */;
UNLOCK TABLES;

--
-- Table structure for table `core_user_groups`
--

DROP TABLE IF EXISTS `core_user_groups`;
/*!40101 SET @saved_cs_client     = @@character_set_client */;
/*!50503 SET character_set_client = utf8mb4 */;
CREATE TABLE `core_user_groups` (
  `id` bigint NOT NULL AUTO_INCREMENT,
  `user_id` bigint NOT NULL,
  `group_id` int NOT NULL,
  PRIMARY KEY (`id`),
  UNIQUE KEY `core_user_groups_user_id_group_id_c82fcad1_uniq` (`user_id`,`group_id`),
  KEY `core_user_groups_group_id_fe8c697f_fk_auth_group_id` (`group_id`),
  CONSTRAINT `core_user_groups_group_id_fe8c697f_fk_auth_group_id` FOREIGN KEY (`group_id`) REFERENCES `auth_group` (`id`),
  CONSTRAINT `core_user_groups_user_id_70b4d9b8_fk_core_user_id` FOREIGN KEY (`user_id`) REFERENCES `core_user` (`id`)
) ENGINE=InnoDB DEFAULT CHARSET=utf8mb4 COLLATE=utf8mb4_0900_ai_ci;
/*!40101 SET character_set_client = @saved_cs_client */;

--
-- Dumping data for table `core_user_groups`
--

LOCK TABLES `core_user_groups` WRITE;
/*!40000 ALTER TABLE `core_user_groups` DISABLE KEYS */;
/*!40000 ALTER TABLE `core_user_groups` ENABLE KEYS */;
UNLOCK TABLES;

--
-- Table structure for table `core_user_user_permissions`
--

DROP TABLE IF EXISTS `core_user_user_permissions`;
/*!40101 SET @saved_cs_client     = @@character_set_client */;
/*!50503 SET character_set_client = utf8mb4 */;
CREATE TABLE `core_user_user_permissions` (
  `id` bigint NOT NULL AUTO_INCREMENT,
  `user_id` bigint NOT NULL,
  `permission_id` int NOT NULL,
  PRIMARY KEY (`id`),
  UNIQUE KEY `core_user_user_permissions_user_id_permission_id_73ea0daa_uniq` (`user_id`,`permission_id`),
  KEY `core_user_user_permi_permission_id_35ccf601_fk_auth_perm` (`permission_id`),
  CONSTRAINT `core_user_user_permi_permission_id_35ccf601_fk_auth_perm` FOREIGN KEY (`permission_id`) REFERENCES `auth_permission` (`id`),
  CONSTRAINT `core_user_user_permissions_user_id_085123d3_fk_core_user_id` FOREIGN KEY (`user_id`) REFERENCES `core_user` (`id`)
) ENGINE=InnoDB DEFAULT CHARSET=utf8mb4 COLLATE=utf8mb4_0900_ai_ci;
/*!40101 SET character_set_client = @saved_cs_client */;

--
-- Dumping data for table `core_user_user_permissions`
--

LOCK TABLES `core_user_user_permissions` WRITE;
/*!40000 ALTER TABLE `core_user_user_permissions` DISABLE KEYS */;
/*!40000 ALTER TABLE `core_user_user_permissions` ENABLE KEYS */;
UNLOCK TABLES;

--
-- Table structure for table `django_admin_log`
--

DROP TABLE IF EXISTS `django_admin_log`;
/*!40101 SET @saved_cs_client     = @@character_set_client */;
/*!50503 SET character_set_client = utf8mb4 */;
CREATE TABLE `django_admin_log` (
  `id` int NOT NULL AUTO_INCREMENT,
  `action_time` datetime(6) NOT NULL,
  `object_id` longtext,
  `object_repr` varchar(200) NOT NULL,
  `action_flag` smallint unsigned NOT NULL,
  `change_message` longtext NOT NULL,
  `content_type_id` int DEFAULT NULL,
  `user_id` bigint NOT NULL,
  PRIMARY KEY (`id`),
  KEY `django_admin_log_content_type_id_c4bce8eb_fk_django_co` (`content_type_id`),
  KEY `django_admin_log_user_id_c564eba6_fk_core_user_id` (`user_id`),
  CONSTRAINT `django_admin_log_content_type_id_c4bce8eb_fk_django_co` FOREIGN KEY (`content_type_id`) REFERENCES `django_content_type` (`id`),
  CONSTRAINT `django_admin_log_user_id_c564eba6_fk_core_user_id` FOREIGN KEY (`user_id`) REFERENCES `core_user` (`id`),
  CONSTRAINT `django_admin_log_chk_1` CHECK ((`action_flag` >= 0))
) ENGINE=InnoDB AUTO_INCREMENT=7 DEFAULT CHARSET=utf8mb4 COLLATE=utf8mb4_0900_ai_ci;
/*!40101 SET character_set_client = @saved_cs_client */;

--
-- Dumping data for table `django_admin_log`
--

LOCK TABLES `django_admin_log` WRITE;
/*!40000 ALTER TABLE `django_admin_log` DISABLE KEYS */;
INSERT INTO `django_admin_log` VALUES (1,'2021-10-31 09:44:21.610397','2','user1',1,'[{\"added\": {}}]',4,1),(2,'2021-10-31 09:51:48.392357','1','breed1',1,'[{\"added\": {}}]',7,1),(3,'2021-10-31 09:52:02.436921','2','breed2',1,'[{\"added\": {}}]',7,1),(4,'2021-10-31 09:52:24.093094','3','breed3',1,'[{\"added\": {}}]',7,1),(5,'2021-10-31 09:53:02.407934','1','dog1',1,'[{\"added\": {}}]',8,1),(6,'2021-10-31 09:53:19.168653','2','dog2',1,'[{\"added\": {}}]',8,1);
/*!40000 ALTER TABLE `django_admin_log` ENABLE KEYS */;
UNLOCK TABLES;

--
-- Table structure for table `django_content_type`
--

DROP TABLE IF EXISTS `django_content_type`;
/*!40101 SET @saved_cs_client     = @@character_set_client */;
/*!50503 SET character_set_client = utf8mb4 */;
CREATE TABLE `django_content_type` (
  `id` int NOT NULL AUTO_INCREMENT,
  `app_label` varchar(100) NOT NULL,
  `model` varchar(100) NOT NULL,
  PRIMARY KEY (`id`),
  UNIQUE KEY `django_content_type_app_label_model_76bd3d3b_uniq` (`app_label`,`model`)
) ENGINE=InnoDB AUTO_INCREMENT=9 DEFAULT CHARSET=utf8mb4 COLLATE=utf8mb4_0900_ai_ci;
/*!40101 SET character_set_client = @saved_cs_client */;

--
-- Dumping data for table `django_content_type`
--

LOCK TABLES `django_content_type` WRITE;
/*!40000 ALTER TABLE `django_content_type` DISABLE KEYS */;
INSERT INTO `django_content_type` VALUES (5,'admin','logentry'),(2,'auth','group'),(1,'auth','permission'),(3,'contenttypes','contenttype'),(4,'core','user'),(7,'dog','breed'),(8,'dog','dog'),(6,'sessions','session');
/*!40000 ALTER TABLE `django_content_type` ENABLE KEYS */;
UNLOCK TABLES;

--
-- Table structure for table `django_migrations`
--

DROP TABLE IF EXISTS `django_migrations`;
/*!40101 SET @saved_cs_client     = @@character_set_client */;
/*!50503 SET character_set_client = utf8mb4 */;
CREATE TABLE `django_migrations` (
  `id` bigint NOT NULL AUTO_INCREMENT,
  `app` varchar(255) NOT NULL,
  `name` varchar(255) NOT NULL,
  `applied` datetime(6) NOT NULL,
  PRIMARY KEY (`id`)
) ENGINE=InnoDB AUTO_INCREMENT=24 DEFAULT CHARSET=utf8mb4 COLLATE=utf8mb4_0900_ai_ci;
/*!40101 SET character_set_client = @saved_cs_client */;

--
-- Dumping data for table `django_migrations`
--

LOCK TABLES `django_migrations` WRITE;
/*!40000 ALTER TABLE `django_migrations` DISABLE KEYS */;
INSERT INTO `django_migrations` VALUES (1,'core','0001_initial','2021-10-31 09:01:42.560860'),(2,'contenttypes','0001_initial','2021-10-31 09:01:42.605450'),(3,'contenttypes','0002_remove_content_type_name','2021-10-31 09:04:56.553194'),(4,'auth','0001_initial','2021-10-31 09:04:56.781198'),(5,'auth','0002_alter_permission_name_max_length','2021-10-31 09:04:56.831552'),(6,'auth','0003_alter_user_email_max_length','2021-10-31 09:04:56.839868'),(7,'auth','0004_alter_user_username_opts','2021-10-31 09:04:56.847217'),(8,'auth','0005_alter_user_last_login_null','2021-10-31 09:04:56.854083'),(9,'auth','0006_require_contenttypes_0002','2021-10-31 09:04:56.858194'),(10,'auth','0007_alter_validators_add_error_messages','2021-10-31 09:04:56.864248'),(11,'auth','0008_alter_user_username_max_length','2021-10-31 09:04:56.872259'),(12,'auth','0009_alter_user_last_name_max_length','2021-10-31 09:04:56.879534'),(13,'auth','0010_alter_group_name_max_length','2021-10-31 09:04:56.893536'),(14,'auth','0011_update_proxy_permissions','2021-10-31 09:04:56.900277'),(15,'auth','0012_alter_user_first_name_max_length','2021-10-31 09:04:56.908191'),(16,'core','0002_auto_20211031_0901','2021-10-31 09:04:57.304347'),(17,'admin','0001_initial','2021-10-31 09:05:03.096737'),(18,'admin','0002_logentry_remove_auto_add','2021-10-31 09:05:03.104325'),(19,'admin','0003_logentry_add_action_flag_choices','2021-10-31 09:05:03.113816'),(20,'dog','0001_initial','2021-10-31 09:05:03.220340'),(21,'sessions','0001_initial','2021-10-31 09:05:03.258713'),(22,'dog','0002_alter_dog_breed','2021-10-31 13:54:44.701968'),(23,'dog','0003_alter_dog_gender','2021-10-31 15:01:34.762326');
/*!40000 ALTER TABLE `django_migrations` ENABLE KEYS */;
UNLOCK TABLES;

--
-- Table structure for table `django_session`
--

DROP TABLE IF EXISTS `django_session`;
/*!40101 SET @saved_cs_client     = @@character_set_client */;
/*!50503 SET character_set_client = utf8mb4 */;
CREATE TABLE `django_session` (
  `session_key` varchar(40) NOT NULL,
  `session_data` longtext NOT NULL,
  `expire_date` datetime(6) NOT NULL,
  PRIMARY KEY (`session_key`),
  KEY `django_session_expire_date_a5c62663` (`expire_date`)
) ENGINE=InnoDB DEFAULT CHARSET=utf8mb4 COLLATE=utf8mb4_0900_ai_ci;
/*!40101 SET character_set_client = @saved_cs_client */;

--
-- Dumping data for table `django_session`
--

LOCK TABLES `django_session` WRITE;
/*!40000 ALTER TABLE `django_session` DISABLE KEYS */;
INSERT INTO `django_session` VALUES ('12hggqzl2vjzvxkfvs5bjnnm1gfymr37','.eJxVjE0OwiAYRO_C2hCgCNSle89A-H6QqoGktCvj3W2TLjSZ1bw38xYxrUuJa-c5TiQuQovTbwcJn1x3QI9U701iq8s8gdwVedAub434dT3cv4OSetnWOCjjsw06jNZ6RxgM-C0OLGitsh8zErFyitRAnJE9hKSHfAaTEZz4fAHWSzhg:1mh72N:ueK7OS-gaLNGIgjc4rqyxEah3giWpWj8bCKC6_uQf4k','2021-11-14 09:21:59.817831'),('204h1sf9x5m6qqoojlhrtdiryvoz1vx1','.eJxVjE0OwiAYRO_C2hCgCNSle89A-H6QqoGktCvj3W2TLjSZ1bw38xYxrUuJa-c5TiQuQovTbwcJn1x3QI9U701iq8s8gdwVedAub434dT3cv4OSetnWOCjjsw06jNZ6RxgM-C0OLGitsh8zErFyitRAnJE9hKSHfAaTEZz4fAHWSzhg:1mhBnC:TS4O2iVdgXXKtVVVVh5qbHMbmsFB68htqkeXLCUDXtM','2021-11-14 14:26:38.840493');
/*!40000 ALTER TABLE `django_session` ENABLE KEYS */;
UNLOCK TABLES;

--
-- Table structure for table `dog_breed`
--

DROP TABLE IF EXISTS `dog_breed`;
/*!40101 SET @saved_cs_client     = @@character_set_client */;
/*!50503 SET character_set_client = utf8mb4 */;
CREATE TABLE `dog_breed` (
  `id` bigint NOT NULL AUTO_INCREMENT,
  `name` varchar(255) NOT NULL,
  `size` varchar(1) NOT NULL,
  `friendliness` smallint unsigned NOT NULL,
  `trainability` smallint unsigned NOT NULL,
  `shedding_amount` smallint unsigned NOT NULL,
  `exercise_needs` smallint unsigned NOT NULL,
  PRIMARY KEY (`id`),
  CONSTRAINT `dog_breed_chk_1` CHECK ((`friendliness` >= 0)),
  CONSTRAINT `dog_breed_chk_2` CHECK ((`trainability` >= 0)),
  CONSTRAINT `dog_breed_chk_3` CHECK ((`shedding_amount` >= 0)),
  CONSTRAINT `dog_breed_chk_4` CHECK ((`exercise_needs` >= 0))
) ENGINE=InnoDB AUTO_INCREMENT=21 DEFAULT CHARSET=utf8mb4 COLLATE=utf8mb4_0900_ai_ci;
/*!40101 SET character_set_client = @saved_cs_client */;

--
-- Dumping data for table `dog_breed`
--

LOCK TABLES `dog_breed` WRITE;
/*!40000 ALTER TABLE `dog_breed` DISABLE KEYS */;
INSERT INTO `dog_breed` VALUES (1,'Keenan','M',1,2,2,2),(2,'Dene','T',3,0,0,4),(3,'Georgiana','M',5,3,1,5),(4,'Cyndi','M',5,2,0,3),(5,'Natalina','T',2,4,2,0),(6,'Oriana','T',0,1,2,5),(7,'Elayne','M',4,2,2,2),(8,'Shelby','M',1,0,4,2),(9,'Ronnica','M',3,4,0,2),(10,'Ivor','S',0,3,0,2),(11,'Enriqueta','T',1,2,0,3),(12,'Katherina','T',2,0,0,1),(13,'Pebrook','L',1,2,2,0),(14,'Ilaire','L',4,3,1,2),(15,'Boycey','T',4,5,3,5),(16,'Raye','L',4,0,1,5),(17,'Evanne','S',2,5,1,2),(18,'Harley','M',2,1,4,3),(19,'Meara','L',0,1,5,3),(20,'Chevy','S',4,1,1,1);
/*!40000 ALTER TABLE `dog_breed` ENABLE KEYS */;
UNLOCK TABLES;

--
-- Table structure for table `dog_dog`
--

DROP TABLE IF EXISTS `dog_dog`;
/*!40101 SET @saved_cs_client     = @@character_set_client */;
/*!50503 SET character_set_client = utf8mb4 */;
CREATE TABLE `dog_dog` (
  `id` bigint NOT NULL AUTO_INCREMENT,
  `name` varchar(255) NOT NULL,
  `age` int NOT NULL,
  `gender` varchar(1) DEFAULT NULL,
  `color` varchar(255) NOT NULL,
  `favorite_food` varchar(255) NOT NULL,
  `favorite_toy` varchar(255) NOT NULL,
  `breed_id` bigint NOT NULL,
  PRIMARY KEY (`id`),
  KEY `dog_dog_breed_id_4251aaca_fk_dog_breed_id` (`breed_id`),
  CONSTRAINT `dog_dog_breed_id_4251aaca_fk_dog_breed_id` FOREIGN KEY (`breed_id`) REFERENCES `dog_breed` (`id`)
) ENGINE=InnoDB AUTO_INCREMENT=1001 DEFAULT CHARSET=utf8mb4 COLLATE=utf8mb4_0900_ai_ci;
/*!40101 SET character_set_client = @saved_cs_client */;

--
-- Dumping data for table `dog_dog`
--

LOCK TABLES `dog_dog` WRITE;
/*!40000 ALTER TABLE `dog_dog` DISABLE KEYS */;
INSERT INTO `dog_dog` VALUES (1,'Cormorant, little',8,'M','Turquoise','Dutoprol','Subaru',16),(2,'Polar bear',14,'F','Orange','CHILDRENS DIMETAPP COLD AND ALLERGY','Subaru',19),(3,'Jungle kangaroo',10,'M','Orange','Dextroamphetamine Sulfate','Audi',4),(4,'Waxbill, blue',2,'M','Mauv','Sal-Plant Gel','Chevrolet',9),(5,'Zorro, common',12,'F','Khaki','Eszopiclone','Mercury',8),(6,'Black-necked stork',12,'M','Goldenrod','ALL-IN-ONE','GMC',12),(7,'Crested screamer',1,'F','Khaki','Thioridazine Hydrochloride','Ford',20),(8,'Pied butcher bird',9,'M','Orange','health mart nasal','Pontiac',16),(9,'Black-backed magpie',16,'F','Mauv','Thyroplex','Lexus',14),(10,'Possum, golden brush-tailed',18,'F','Yellow','Acyclovir','Suzuki',5),(11,'Monitor lizard (unidentified)',19,'M','Fuscia','Nex Iodio P2','Mazda',16),(12,'Seven-banded armadillo',9,'M','Green','Soliris','Volkswagen',5),(13,'Squirrel, arctic ground',8,'F','Mauv','GOOSE FEATHERS','GMC',1),(14,'Spectacled caiman',14,'M','Purple','All Day Allergy-D','Chevrolet',11),(15,'Waxbill, blue',7,'F','Goldenrod','Flomax','Mazda',11),(16,'Wallaby, bennett\'s',8,'F','Yellow','Ibuprofen','Saab',18),(17,'Buffalo, african',17,'M','Maroon','Lantus','Chevrolet',19),(18,'Otter, north american river',8,'F','Mauv','Zosyn','Oldsmobile',10),(19,'Phalarope, red-necked',20,'F','Goldenrod','LBEL','Honda',19),(20,'Owl, madagascar hawk',1,'F','Aquamarine','SEROQUEL','Jaguar',19),(21,'Eastern white pelican',11,'F','Turquoise','Doxycycline Hyclate','Audi',14),(22,'Cockatoo, roseate',19,'F','Green','Cephalexin','Ford',17),(23,'Deer, barasingha',5,'F','Orange','TINEACIDE','Jeep',6),(24,'Jaguarundi',9,'M','Teal','image essentials hair regrowth treatment','Lincoln',15),(25,'Brown and yellow marshbird',17,'M','Purple','ropinirole','Ford',16),(26,'Stork, white-necked',18,'M','Violet','Alba Hawaiian Aloe Vera Sunblock SPF 30','Lexus',17),(27,'Cobra, cape',12,'F','Blue','Risperidone','GMC',15),(28,'Stanley crane',19,'M','Aquamarine','Bio Co-Enzyme Phase','GMC',16),(29,'Fox, pampa gray',5,'F','Blue','Carroll Hand Sanitizer Wipes with Aloe','Mercedes-Benz',15),(30,'Kingfisher, pied',6,'M','Yellow','Tamsulosin Hydrochloride','Mercury',11),(31,'Three-banded plover',15,'F','Pink','Childrens','Infiniti',18),(32,'Iguana, land',20,'M','Puce','Metoclopramide','Isuzu',20),(33,'Ant (unidentified)',2,'F','Aquamarine','Pulsatilla Kit Refill','Chevrolet',2),(34,'Ant (unidentified)',16,'M','Teal','daytime nighttime','Mazda',16),(35,'Rhea, common',8,'F','Khaki','OSENI','Lexus',20),(36,'Crowned hawk-eagle',17,'F','Orange','Citalopram Hydrobromide','Scion',7),(37,'Sloth, two-toed tree',13,'M','Mauv','Wal Zyr D','Mazda',14),(38,'Buffalo, asian water',4,'M','Indigo','Pioglitazone Hydrochloride','Volvo',9),(39,'White-headed vulture',17,'F','Puce','Lucky Instant Hand Sanitizer with Aloe Vera','Dodge',15),(40,'Kiskadee, great',16,'F','Teal','Dexamethasone Sodium Phosphate','Chevrolet',15),(41,'Spotted deer',19,'F','Crimson','BISAC-EVAC','Oldsmobile',20),(42,'Vulture, black',16,'M','Pink','CEFPODOXIME PROXETIL','Honda',17),(43,'Kangaroo, brush-tailed rat',14,'F','Pink','Minocycline hydrochloride','GMC',20),(44,'Kangaroo, brush-tailed rat',9,'M','Indigo','LBEL COULEUR LUXE AMPLIFIER XP','Panoz',5),(45,'Quail, gambel\'s',14,'F','Green','Somatuline Depot','Buick',3),(46,'European wild cat',1,'M','Aquamarine','ARSAINTE ECO THERAPY SUPER REPAIR SUN','Toyota',10),(47,'Red brocket',8,'F','Mauv','Omeprazole','Dodge',18),(48,'Savanna baboon',13,'M','Blue','Anagrelide Hydrochloride','Dodge',6),(49,'Dolphin, common',19,'F','Goldenrod','Cotton Linters','Mazda',13),(50,'Ox, musk',16,'F','Blue','ConRx','Chevrolet',3),(51,'Penguin, magellanic',10,'F','Violet','Gonal-f RFF Redi-ject','Toyota',19),(52,'Topi',5,'F','Indigo','Ibuprofen','Mitsubishi',13),(53,'Kirk\'s dik dik',13,'M','Maroon','MELALEUCA QUINQUENERVIA POLLEN','Acura',12),(54,'Azara\'s zorro',12,'M','Goldenrod','Lexapro','Kia',18),(55,'Gaur',11,'F','Puce','venlafaxine','Hyundai',17),(56,'Armadillo, seven-banded',14,'F','Fuscia','Fosinopril Sodium','Buick',13),(57,'Screamer, crested',13,'M','Puce','Awaken Oil-Free Daily Face Wash','Acura',18),(58,'Black-tailed tree creeper',16,'M','Blue','Acetaminophen And Codeine','Toyota',13),(59,'Robin, kalahari scrub',12,'F','Violet','Menstrual Relief','Toyota',3),(60,'Alligator, mississippi',16,'M','Turquoise','Treatment Set TS332343','Mercedes-Benz',15),(61,'Porcupine, crested',17,'M','Mauv','Cefuroxime Axetil','BMW',7),(62,'South American sea lion',18,'M','Purple','Risperidone','Ferrari',20),(63,'Desert tortoise',7,'F','Turquoise','PAMELOR','Cadillac',7),(64,'White-browed owl',6,'F','Violet','Magnesium Oxide','GMC',18),(65,'Egyptian vulture',5,'M','Teal','ISOSORBIDE MONONITRATE','Dodge',11),(66,'Lappet-faced vulture',3,'M','Violet','Endure 200','Acura',1),(67,'Parrot, hawk-headed',10,'M','Purple','Ofloxacin','Mitsubishi',9),(68,'Porcupine, indian',17,'M','Goldenrod','Tegretol','Nissan',14),(69,'Water moccasin',11,'M','Orange','Unscented Hand Sanitizer','Mercedes-Benz',10),(70,'Bat, madagascar fruit',18,'F','Mauv','AMARANTHUS RETROFLEXUS POLLEN','Chevrolet',11),(71,'Snow goose',11,'F','Mauv','Humco Charcoal Activated','Pontiac',1),(72,'Heron, giant',16,'F','Indigo','CLAM','BMW',12),(73,'Bee-eater (unidentified)',10,'M','Aquamarine','Guinea Pig Epithelia','Ford',3),(74,'Monitor lizard (unidentified)',5,'F','Turquoise','Caduet','Mitsubishi',3),(75,'Red phalarope',9,'M','Yellow','Metoclopramide','Dodge',2),(76,'Possum, golden brush-tailed',7,'F','Orange','Dyna-Hex','Dodge',7),(77,'Galapagos penguin',18,'M','Crimson','zaleplon','Chevrolet',1),(78,'Catfish, blue',7,'M','Pink','Face Stockholm BB Natural Beauty Balm SPF 30 Shade NR 2','Hyundai',4),(79,'Cape cobra',7,'M','Orange','Nizatidine','Mitsubishi',16),(80,'Laughing dove',6,'F','Goldenrod','OXALIPLATIN','Ford',4),(81,'Squirrel, smith\'s bush',19,'F','Khaki','Shimmery Sun','Subaru',4),(82,'Pine snake (unidentified)',17,'F','Turquoise','Cedar Elm','Toyota',18),(83,'Eurasian badger',11,'F','Teal','Hangover Help','GMC',8),(84,'Cliffchat, mocking',11,'F','Green','Doxycycline Hyclate','Dodge',18),(85,'Comb duck',8,'F','Teal','Famotidine','GMC',5),(86,'Hyena, spotted',6,'M','Khaki','Heparin Sodium','Cadillac',17),(87,'Fox, north american red',20,'M','Fuscia','Nifedical','Pontiac',12),(88,'Mynah, common',2,'F','Goldenrod','Mucus Relief','Isuzu',17),(89,'Deer, black-tailed',17,'M','Puce','Suave','Hyundai',14),(90,'White-throated robin',8,'F','Yellow','Amazonian Clay 12-Hour Full Coverage Foundation Broad Spectrum SPF 15 Sunscreen','Cadillac',18),(91,'Mockingbird, galapagos',7,'M','Khaki','AZO','Ford',4),(92,'African buffalo',20,'F','Teal','Shopko Antibacterial Hand Sanitizer','Volvo',13),(93,'Crown of thorns starfish',13,'M','Blue','Fusarium compactum','Mercury',5),(94,'Greater flamingo',3,'M','Crimson','Avocado','Mazda',8),(95,'Civet (unidentified)',5,'M','Purple','Hackberry','Volkswagen',14),(96,'Woodcock, american',13,'F','Fuscia','Midazolam Hydrochloride','Audi',2),(97,'Savanna baboon',20,'M','Puce','Omeprazole','Plymouth',17),(98,'Defassa waterbuck',3,'M','Turquoise','Aspi-Rub','Mitsubishi',13),(99,'Roseat flamingo',10,'M','Teal','Quality Petroleum Jelly','Isuzu',5),(100,'Wildebeest, blue',11,'M','Puce','Losartan Potassium','Honda',17),(101,'Vicuna',17,'F','Puce','Furosemide','Nissan',14),(102,'Hyrax',11,'M','Purple','SEROQUEL','Volkswagen',6),(103,'Baboon, yellow',3,'M','Crimson','Lactulose','BMW',14),(104,'Bear, sloth',3,'F','Fuscia','Pantoprazole Sodium','Ford',3),(105,'Iguana, common green',1,'F','Teal','NATURALTECH PURIFYING ANTI-DANDRUFF','Lincoln',10),(106,'Wood pigeon',16,'F','Maroon','Ileocecal Valve Support','Nissan',4),(107,'White spoonbill',11,'M','Violet','Ropinirole Hydrochloride','Chrysler',7),(108,'Sloth, two-toed',13,'F','Goldenrod','WART FREE','Ford',5),(109,'Goose, greylag',16,'M','Teal','SUPER STICK SOLAIRE sun-sensitive areas colorless','Dodge',18),(110,'Hedgehog, south african',18,'M','Yellow','Nortriptyline Hydrochloride','Mazda',3),(111,'Cat, european wild',13,'M','Turquoise','Divalproex Sodium','Ford',9),(112,'Deer, black-tailed',9,'M','Aquamarine','Amoxicillin','Ford',8),(113,'Pied kingfisher',7,'F','Teal','BRYONIA ALBA','Toyota',4),(114,'Indian mynah',15,'F','Crimson','LOSARTAN POTASSIUM AND HYDROCHLOROTHIAZIDE','Chevrolet',18),(115,'Emerald-spotted wood dove',5,'F','Green','HEATHER','Isuzu',19),(116,'Siskin, yellow-rumped',20,'M','Red','Fosinopril Sodium and Hydrochlorothiazide','Acura',20),(117,'Tapir, brazilian',5,'F','Turquoise','Supreme Shield','Nissan',5),(118,'Squirrel, european red',4,'F','Orange','Aspergillus niger','Hyundai',16),(119,'Tern, white-winged',18,'F','Blue','Meijer','Mazda',3),(120,'Four-spotted skimmer',16,'M','Red','Multi Vitamin and Fluoride','Toyota',4),(121,'Dove, emerald-spotted wood',15,'M','Purple','Lansoprazole','Infiniti',11),(122,'Phalarope, grey',19,'M','Pink','Multivitamin Bodyblock','Volkswagen',9),(123,'European wild cat',16,'M','Purple','Lidocaine Hydrochloride and Epinephrine Bitartrate','Lexus',13),(124,'Swallow (unidentified)',7,'M','Teal','Alcortin A','Suzuki',19),(125,'Cliffchat, mocking',11,'M','Purple','AUGMENTIN','Lincoln',19),(126,'Steenbuck',11,'F','Purple','Candida albicans','Toyota',10),(127,'Bleu, blue-breasted cordon',11,'M','Aquamarine','GENOTROPIN','Honda',1),(128,'Pigeon, feral rock',19,'F','Fuscia','Advanced Firming and Anti Wrinkle','Ford',16),(129,'Baboon, savanna',6,'M','Green','mucus er','Volvo',20),(130,'Baboon, chacma',1,'M','Orange','Atovaquone and Proguanil Hydrochloride','GMC',10),(131,'Mississippi alligator',2,'M','Mauv','Olive Leaf Antibacterial Foaming Hand Wash','Ford',11),(132,'Mongoose, javan gold-spotted',5,'F','Goldenrod','METFORMIN HYDROCHLORIDE','Porsche',13),(133,'Screamer, crested',1,'M','Puce','Trolamine Salicylate','Chevrolet',16),(134,'Mexican boa',8,'F','Khaki','Docuprene','Honda',16),(135,'Mongoose, yellow',15,'F','Crimson','Suave','BMW',16),(136,'Bulbul, african red-eyed',17,'M','Puce','Colgate','Ford',1),(137,'Cat, toddy',12,'M','Turquoise','HEPAR SULPHURIS CALCAREUM','Toyota',10),(138,'Yellow-brown sungazer',17,'M','Teal','sunmark nasal','Acura',11),(139,'Spoonbill, european',18,'F','Fuscia','ARSENICUM METALLICUM','Audi',10),(140,'Porcupine, african',5,'F','Aquamarine','Betamethasone Valerate','Mercedes-Benz',15),(141,'Bontebok',6,'F','Violet','Potassium Chloride in Dextrose and Sodium Chloride','BMW',3),(142,'Magpie, black-backed',3,'M','Indigo','Dog Fennel','Ford',3),(143,'Brocket, brown',12,'F','Indigo','Chloraseptic Sore Throat Citrus','Scion',2),(144,'Boa, emerald green tree',16,'M','Orange','Amoxicillin','Porsche',15),(145,'White stork',1,'F','Green','ALPRAZOLAM','Ford',10),(146,'Siskin, pine',19,'F','Indigo','Sterile Vancomycin Hydrochloride','Mercedes-Benz',10),(147,'Long-finned pilot whale',10,'F','Violet','Naproxen Sodium','Chrysler',6),(148,'Bear, polar',14,'F','Yellow','Amlodipine Besylate','Dodge',9),(149,'Skunk, western spotted',10,'F','Crimson','Aplicare Isopropyl Alcohol','Cadillac',14),(150,'Otter, small-clawed',11,'M','Crimson','Hypertensolol','Lexus',7),(151,'Black spider monkey',2,'M','Red','Pork','Dodge',8),(152,'Bengal vulture',7,'M','Turquoise','Naproxen Sodium','Chevrolet',6),(153,'Rabbit, eastern cottontail',5,'M','Aquamarine','glipizide','Toyota',9),(154,'Llama',10,'M','Violet','AeroGreen Antibac','Oldsmobile',12),(155,'Racer snake',7,'M','Green','Antibacterial Skin Rain Forest Extract From Entiere','Chevrolet',1),(156,'Brocket, brown',9,'M','Fuscia','White Poplar','Mazda',16),(157,'Stork, yellow-billed',4,'M','Purple','Traumeel','GMC',5),(158,'White-necked stork',4,'M','Crimson','Acetaminophen, Dextromethorphan Hydrobromide, Guaifenesin, Phenylephrine Hydrochloride','Audi',13),(159,'Red-cheeked cordon bleu',10,'M','Maroon','Sciatic Rescue','Toyota',5),(160,'Butterfly (unidentified)',7,'M','Puce','SPONGIA TOSTA','GMC',19),(161,'Jackal, silver-backed',11,'F','Mauv','AVVA','Hyundai',14),(162,'Blacksmith plover',16,'F','Turquoise','NoHist LQ','Porsche',19),(163,'Cobra, egyptian',7,'M','Blue','Pro-Care','Mercury',5),(164,'Pie, indian tree',9,'F','Green','Aloe Vesta Clear Antifungal','Chevrolet',15),(165,'Albatross, waved',18,'F','Crimson','Gemfibrozil','Subaru',8),(166,'Penguin, galapagos',6,'M','Blue','Annual Blue Grass','Infiniti',16),(167,'Antelope ground squirrel',15,'M','Aquamarine','Alocane Plus','Ford',13),(168,'Crimson-breasted shrike',10,'F','Maroon','Belladonna Kit Refill','Ford',6),(169,'Black and white colobus',6,'F','Purple','Treatment Set TS348404','Isuzu',2),(170,'Squirrel, uinta ground',1,'M','Pink','leader nite time cough','Chevrolet',9),(171,'Lark, horned',2,'M','Green','methylphenidate hcl','Jaguar',11),(172,'Starling, greater blue-eared',3,'F','Pink','Amlodipine and Benazepril Hydrochloride','Pontiac',9),(173,'Grey-footed squirrel',4,'M','Puce','Prefest','Mitsubishi',16),(174,'Spur-winged goose',16,'M','Fuscia','SHISEIDO THE MAKEUP FOUNDATION','Acura',4),(175,'Blacksmith plover',2,'F','Blue','Maximum Strength Mucus Relief Severe Congestion and Cold','Toyota',17),(176,'Shark, blue',16,'M','Pink','Levetiracetam','Volvo',3),(177,'Spurfowl, yellow-necked',20,'F','Teal','Lamisil','BMW',14),(178,'Shelduck, european',13,'M','Teal','BIOTENE','Pontiac',2),(179,'Tenrec, tailless',9,'M','Violet','Hydrocodone Bitartrate And Acetaminophen','Lotus',14),(180,'Mongoose, banded',4,'M','Indigo','day time nighttime','Cadillac',11),(181,'Egyptian goose',8,'M','Turquoise','WELLBUTRIN','GMC',3),(182,'Beaver, european',3,'F','Red','RG Sport Inv.Solid Antiperspirant Deodorant Cool','Nissan',17),(183,'Greater adjutant stork',3,'F','Goldenrod','Triamterene and Hydrochlorothiazide','Lexus',3),(184,'Gorilla, western lowland',4,'F','Khaki','TRETIN.X','Chevrolet',6),(185,'Hanuman langur',8,'F','Blue','Xerese','Mitsubishi',7),(186,'Bird (unidentified)',1,'F','Puce','bethanechol chloride','Suzuki',12),(187,'Pied avocet',8,'F','Green','Homeopathic Athletes Foot','Toyota',20),(188,'Dove, rock',17,'F','Green','SUNTINTS','Chrysler',3),(189,'Crab-eating raccoon',7,'M','Puce','Lactulose','Mitsubishi',17),(190,'Asian false vampire bat',5,'F','Blue','Aminosyn II','Mercedes-Benz',19),(191,'Jackal, asiatic',11,'F','Mauv','cephalexin','Honda',12),(192,'Uinta ground squirrel',13,'M','Blue','PRAVASTATIN SODIUM','Mercury',10),(193,'Boa, emerald green tree',8,'F','Violet','Gralise','Nissan',2),(194,'Armadillo, common long-nosed',4,'F','Pink','Erythromycin','Nissan',19),(195,'Mongoose, eastern dwarf',12,'F','Yellow','HZ HP','Audi',20),(196,'Civet, small-toothed palm',1,'F','Crimson','Eszopiclone','Subaru',3),(197,'Least chipmunk',16,'F','Pink','Valacyclovir','Austin',12),(198,'Turkey, wild',2,'M','Blue','Lisinopril','Volkswagen',4),(199,'Western patch-nosed snake',3,'F','Orange','Hydromorphone Hydrochloride','GMC',11),(200,'Glider, squirrel',10,'M','Green','Hydromorphone Hydrochloride','Ford',20),(201,'Bleeding heart monkey',13,'M','Pink','Tramadol Hydrochloride and Acetaminophen','Audi',13),(202,'Crowned hawk-eagle',14,'M','Fuscia','Ear Discomfort','Ford',13),(203,'Wallaroo, common',3,'M','Puce','Intuniv','Audi',20),(204,'Jaeger, long-tailed',5,'M','Indigo','AMITRIPTYLINE HYDROCHLORIDE','Audi',9),(205,'Otter, african clawless',6,'F','Khaki','VICHY LABORATOIRES DERMAFINISH CORRECTIVE FOUNDATION','Acura',10),(206,'Whale, southern right',5,'F','Mauv','Epi-Clenz Instant Hand Antiseptic','Chevrolet',9),(207,'Shelduck, common',17,'M','Green','Prednisone','Chevrolet',17),(208,'Cockatoo, slender-billed',12,'M','Turquoise','Sun protection body','Chrysler',17),(209,'Bird, red-billed tropic',11,'M','Maroon','flormar BB Sheer Tinted Beauty Sunscreen Broad Spectrum SPF 15 03 Dark Medium','Chevrolet',20),(210,'Kiskadee, great',18,'F','Indigo','Pramipexole Dihydrochloride','Chevrolet',6),(211,'Trumpeter, dark-winged',2,'F','Teal','Amlodipine Besylate','Pontiac',15),(212,'Lory, rainbow',20,'F','Aquamarine','Herring','Hyundai',11),(213,'Black-crowned crane',12,'M','Mauv','SUBSYS','BMW',10),(214,'Gecko (unidentified)',4,'M','Fuscia','Lisinopril','Oldsmobile',3),(215,'Bustard, denham\'s',6,'M','Blue','KAO-TIN PEPPERMINT FLAVOR','Porsche',5),(216,'Antelope, roan',20,'M','Turquoise','Ceftriaxone','Cadillac',13),(217,'Woolly-necked stork',19,'M','Violet','AIR COMPRESSED','Mercedes-Benz',2),(218,'African pied wagtail',17,'F','Red','INCHCO Brand SANI-DERM Antiseptic Hand Wash','Ford',16),(219,'Thirteen-lined squirrel',5,'M','Indigo','Spleen','Volkswagen',11),(220,'Meerkat',5,'M','Orange','CRC Sunscreen Towel','Acura',13),(221,'Bird, secretary',3,'F','Orange','Norditropin','Mazda',11),(222,'American bison',6,'M','Fuscia','Buprenorphine HCl','Ford',1),(223,'Burmese black mountain tortoise',13,'F','Green','Telmisartan','Chevrolet',2),(224,'Coyote',10,'F','Orange','Amlodipine besylate/atorvastatin calcium','Volkswagen',14),(225,'Chipmunk, least',5,'F','Turquoise','Ibuprofen','Lexus',11),(226,'Quoll, eastern',7,'M','Pink','Amoxicillin','Chevrolet',9),(227,'Three-banded plover',14,'F','Indigo','Ampicillin','Jeep',9),(228,'Cuis',18,'F','Teal','Danazol','Ford',15),(229,'Eagle, pallas\'s fish',4,'M','Violet','Temazepam','Pontiac',14),(230,'Black-crowned night heron',17,'F','Aquamarine','Tiger Balm','GMC',17),(231,'Moose',18,'M','Blue','Mirtazapine','Mitsubishi',18),(232,'Lemur, ring-tailed',8,'F','Turquoise','Minus-Sol Facial Sun Protection Sunscreen Broad Spectrum SPF 30 Plus White','Jeep',18),(233,'Starling, superb',15,'F','Fuscia','EQUUS CABALLUS SKIN','Pontiac',12),(234,'Green-backed heron',2,'M','Goldenrod','Good Neighbor Pharmacy Acid Control 150','Chevrolet',9),(235,'Crab, red lava',17,'M','Red','OraLine-Secure','Infiniti',6),(236,'Slender loris',8,'F','Aquamarine','MiraLAX','Porsche',16),(237,'European shelduck',12,'M','Aquamarine','isosorbide mononitrate','Subaru',5),(238,'Deer, black-tailed',9,'M','Yellow','Vasopressin','Audi',13),(239,'Monkey, bleeding heart',14,'M','Maroon','Dermablend Professional SkinPerfector Redness Reducing Primer Sunscreen','Scion',4),(240,'Monkey, red howler',14,'M','Puce','Aspergillus flavus','Jeep',19),(241,'Goat, mountain',14,'M','Teal','Sotalol Hydrochloride','Ford',6),(242,'Prehensile-tailed porcupine',12,'F','Red','Epsom Salt','BMW',12),(243,'Lappet-faced vulture',16,'F','Mauv','Icy Hot Back','Ford',11),(244,'Sloth, two-toed tree',10,'F','Maroon','Topical Anesthetic','Honda',9),(245,'Pygmy possum',2,'M','Pink','Coralite Cold and Hot','Chevrolet',20),(246,'Penguin, galapagos',13,'F','Crimson','Fexofenadine Hydrochloride','Dodge',15),(247,'Ibis, puna',13,'M','Orange','Fexofenadine HCl','Pontiac',11),(248,'Caracara (unidentified)',18,'M','Crimson','SHISEIDO SHEER AND PERFECT FOUNDATION','Toyota',20),(249,'Malay squirrel (unidentified)',11,'F','Turquoise','sunmark','Pontiac',7),(250,'Dabchick',18,'M','Indigo','Imipenem and Cilastatin','Ford',9),(251,'Red-headed woodpecker',17,'M','Turquoise','Salonpas DEEP Relieving','Infiniti',17),(252,'Legaan, Monitor (unidentified)',17,'M','Violet','PRO-RED','MINI',4),(253,'Asiatic wild ass',1,'M','Blue','LIPITOR','Audi',13),(254,'Siskin, yellow-rumped',13,'F','Mauv','Sulwhasoo Lumitouch Foundation','Ford',18),(255,'European wild cat',20,'F','Orange','Treatment Set TS347484','Chevrolet',10),(256,'Hawk, red-tailed',18,'M','Pink','EROS TOYGLIDE','Ford',3),(257,'Gerenuk',6,'F','Violet','Morning Sickness','Aston Martin',7),(258,'African pied wagtail',13,'F','Goldenrod','Sodium Chloride','Chevrolet',7),(259,'Fat-tailed dunnart',12,'M','Crimson','Haloperidol','Toyota',18),(260,'Spotted-tailed quoll',6,'F','Teal','Oxygen','Ford',5),(261,'Magpie, black-backed',6,'M','Pink','ATORVASTATIN CALCIUM','Isuzu',16),(262,'Tiger snake',16,'F','Maroon','Iron Chews','Buick',19),(263,'Galapagos dove',14,'F','Puce','Aztreonam','Volkswagen',11),(264,'Worm snake (unidentified)',17,'M','Khaki','Isoniazid','Oldsmobile',8),(265,'Long-crested hawk eagle',15,'M','Aquamarine','Wintergreen Isopropyl Alcohol','Ford',9),(266,'Dragonfly, russian',19,'M','Indigo','Vancomycin Hydrochloride','Lexus',7),(267,'Bustard, kori',4,'F','Khaki','Carelessweed','Ford',16),(268,'Hawk-headed parrot',17,'M','Aquamarine','Premier Value Sleep-Aid','Toyota',2),(269,'Red howler monkey',15,'M','Red','Witch Hazel','Kia',17),(270,'Eagle, bateleur',12,'M','Puce','Oscar de la Renta Moisturizing Sunscreen SPF 30','BMW',15),(271,'Pale white-eye',2,'F','Yellow','Trileptal','Mitsubishi',14),(272,'Glossy ibis',5,'M','Turquoise','Vindicator Instant Hand Sanitizer','Mercedes-Benz',8),(273,'Snowy sheathbill',9,'F','Blue','No7 Stay Perfect Foundation Sunscreen SPF 15 Suede','Pontiac',10),(274,'Pronghorn',7,'F','Fuscia','Saline Laxative','Hyundai',12),(275,'Grenadier, purple',8,'M','Violet','CENTER-AL - PLATANUS RACEMOSA POLLEN','Chevrolet',14),(276,'Cat, kaffir',13,'F','Aquamarine','Desert Bambu','Chrysler',7),(277,'African jacana',4,'F','Khaki','No7 CC Cream Light','GMC',7),(278,'Siskin, pine',3,'M','Crimson','Jason Nutrismile Anticavity Orange Cinnamon Mint','Toyota',13),(279,'Tortoise, indian star',19,'M','Maroon','Acyclovir','Chevrolet',19),(280,'Skink, blue-tongued',11,'M','Khaki','Anastrozole','Mercury',19),(281,'Wolf, common',20,'F','Red','donepezil hydrochloride','Dodge',2),(282,'African elephant',12,'M','Puce','MEDIQUE Medikoff Drops','Mitsubishi',3),(283,'Sun gazer',15,'M','Puce','ANTIMONIUM TARTARICUM','Volkswagen',5),(284,'Gazelle, thomson\'s',1,'M','Maroon','THE ORIGINAL NATURAL HERB COUGH DROPS','Audi',2),(285,'Antelope, four-horned',14,'M','Red','Iodine Bush','Maybach',1),(286,'Snake, western patch-nosed',20,'M','Teal','Cardene IV','Lotus',9),(287,'Hyena, striped',3,'F','Fuscia','Anti-Bacterial Hand','Bentley',9),(288,'Western spotted skunk',9,'F','Indigo','BuPROPion Hydrochloride','Toyota',14),(289,'Dove, galapagos',11,'M','Indigo','DR DEEP SKINTONER','Mercedes-Benz',13),(290,'Wolf, common',16,'F','Turquoise','Greasewood Pollen','GMC',2),(291,'Vulture, egyptian',12,'F','Aquamarine','SHISEIDO ADVANCED HYDRO-LIQUID COMPACT (REFILL)','Honda',8),(292,'Turkey, australian brush',13,'F','Red','CEFPROZIL','Porsche',8),(293,'Tortoise, desert',20,'M','Teal','Sterile Water','Ford',8),(294,'Ringtail cat',17,'M','Khaki','Cetirizine Hydrochloride','Chevrolet',5),(295,'Frog (unidentified)',4,'M','Crimson','Benzaclin','Geo',6),(296,'Zorro, azara\'s',9,'F','Maroon','Venlafaxine Hydrochloride','Toyota',4),(297,'Heron, gray',12,'M','Red','Methotrexate','Jeep',20),(298,'Jabiru stork',17,'M','Puce','Belladonna Alkaloids with Phenobartbital','Toyota',2),(299,'Albatross, galapagos',11,'M','Mauv','Vital Fluid II EGF and FGF Whitening Serum','Dodge',9),(300,'Waxbill, black-cheeked',1,'M','Violet','LEADER NICOTINE TRANSDERMAL SYSTEM','Toyota',11),(301,'Asian foreset tortoise',12,'F','Crimson','SUTENT','Nissan',3),(302,'Tawny eagle',11,'F','Yellow','Impact Fix Pure Essence Foundation','Audi',11),(303,'King cormorant',8,'F','Puce','Head and Shoulders','Suzuki',5),(304,'Jackal, indian',10,'F','Orange','Oxycodone Hydrochloride','BMW',20),(305,'Crow, american',11,'F','Mauv','Pinchot Juniper','Oldsmobile',14),(306,'Frogmouth, tawny',5,'F','Pink','Sugar Maple','Pontiac',12),(307,'Duiker, common',17,'M','Pink','Ionite R','Toyota',13),(308,'Hartebeest, red',5,'F','Khaki','Duloxetine','BMW',3),(309,'Wallaby, tammar',11,'F','Purple','Bupropion Hydrochloride','Oldsmobile',10),(310,'Water moccasin',14,'M','Fuscia','Carvedilol','Nissan',17),(311,'Beaver, american',15,'M','Turquoise','DayTime Nitetime cold and flu relief','Isuzu',13),(312,'Common mynah',11,'F','Turquoise','SCROPHULOUS','Jaguar',16),(313,'Duiker, common',18,'M','Goldenrod','Clonidine','Suzuki',6),(314,'Levaillant\'s barbet',18,'M','Puce','Lagicam','Kia',7),(315,'Burmese black mountain tortoise',12,'F','Puce','Duraflu','Dodge',17),(316,'Black vulture',10,'M','Blue','Hyoscyamine Sulfate','Suzuki',18),(317,'Elk, Wapiti',8,'M','Aquamarine','ibuprofen','Lexus',10),(318,'Striated heron',12,'M','Teal','Carvedilol','Chrysler',9),(319,'Polar bear',19,'F','Violet','stool softener plus stimulant laxative','Toyota',4),(320,'Brolga crane',5,'F','Turquoise','Olanzapine','Volvo',4),(321,'Monitor, water',19,'F','Goldenrod','Fluocinonide','Hyundai',7),(322,'Seal, harbor',19,'M','Fuscia','Amoxicillin','Jeep',7),(323,'Squirrel, malabar',10,'M','Mauv','PANTOPRAZOLE SODIUM','Mazda',12),(324,'Turkey, australian brush',16,'F','Puce','hemorrhoidal','Toyota',17),(325,'Dolphin, striped',13,'F','Fuscia','Buspirone HCl','Maserati',9),(326,'Sparrow, rufous-collared',5,'M','Teal','naproxen sodium','Ford',9),(327,'Lion, galapagos sea',6,'M','Turquoise','Premarin','Toyota',11),(328,'Gull, silver',13,'M','Goldenrod','WHITE MULBERRY POLLEN','Jaguar',19),(329,'Hyena, striped',18,'M','Crimson','EAR','Mitsubishi',10),(330,'Flicker, field',17,'F','Mauv','Sinus and Cold D','Ford',20),(331,'Monkey, red howler',13,'F','Orange','Clindamycin','Dodge',12),(332,'Flamingo, roseat',5,'M','Aquamarine','White Potato','Cadillac',14),(333,'Rock dove',17,'F','Teal','NU-COPD','GMC',1),(334,'Albatross, galapagos',10,'F','Green','MICRONOR','Toyota',14),(335,'Kirk\'s dik dik',16,'M','Pink','LAURA GELLER spackle Broad Spectrum SPF 30 protective under make-up primer','Ford',12),(336,'Kangaroo, eastern grey',13,'M','Pink','Lamivudine','Chrysler',17),(337,'Arboral spiny rat',6,'M','Red','nasal mist','Mercury',6),(338,'Asian foreset tortoise',18,'M','Yellow','Tizanidine','Mazda',3),(339,'Lilac-breasted roller',10,'F','Purple','Mugwort Sage Pollen','Subaru',10),(340,'Hornbill, yellow-billed',11,'F','Goldenrod','Budesonide','Dodge',6),(341,'Marabou stork',19,'M','Purple','SERTRALINE HYDROCHLORIDE','Lexus',15),(342,'Giant heron',5,'F','Blue','Less Drowsy Motion Sickness Relief','Volkswagen',2),(343,'North American porcupine',15,'F','Purple','LOSARTAN POTASSIUM','Chevrolet',1),(344,'Goose, snow',14,'F','Goldenrod','Methotrexate','Aston Martin',1),(345,'Boa, mexican',14,'M','Yellow','Dexamethasone','Pontiac',10),(346,'Lizard, blue-tongued',10,'F','Orange','Divalproex Sodium','Chevrolet',12),(347,'Great horned owl',6,'M','Green','Ceftriaxone Sodium','Ford',20),(348,'Jackal, asiatic',12,'M','Teal','Natural Fiber Therapy Natural Laxative','BMW',12),(349,'Dusky rattlesnake',5,'F','Orange','Edarbyclor','Volvo',17),(350,'Dunnart, fat-tailed',16,'M','Turquoise','Rolaids Ultra Strength- Mint','Lincoln',7),(351,'Agouti',8,'M','Blue','Crataegus e fol. et fructus 2 Special Order','Lincoln',4),(352,'Swainson\'s francolin',4,'F','Fuscia','Atenolol','BMW',1),(353,'Black-faced kangaroo',8,'M','Mauv','Clonidine Hydrochloride','Cadillac',20),(354,'Amazon parrot (unidentified)',16,'M','Puce','PAMO Kill Natural','Mercedes-Benz',14),(355,'Nuthatch, red-breasted',11,'F','Blue','Naloxone Hydrochloride','Nissan',18),(356,'Yellow-brown sungazer',2,'M','Orange','MEDIQUE APAP','GMC',18),(357,'Sifaka, verreaux\'s',15,'F','Crimson','HYDROCODONE BITARTRATE AND ACETAMINOPHEN','Infiniti',13),(358,'Polecat, african',1,'F','Violet','Erythrocin Stearate','Saab',20),(359,'Heron, goliath',3,'F','Orange','hair regrowth treatment for men','Ford',16),(360,'Potoroo',13,'F','Blue','Soapy Hands','Buick',11),(361,'Yellow-billed stork',13,'M','Mauv','Panrosa FRESH CLEAN Pyrithione Zinc Dandruff','Subaru',4),(362,'Black vulture',9,'M','Crimson','Repaglinide','Audi',9),(363,'Rabbit, eastern cottontail',10,'F','Turquoise','CobraZol','Chevrolet',9),(364,'Otter, canadian river',6,'M','Indigo','Gentle Laxative','Audi',9),(365,'Bobcat',14,'F','Yellow','PYRITHIONE ZINC','Chevrolet',8),(366,'Long-nosed bandicoot',18,'M','Indigo','Alka-Seltzer Plus','Lotus',8),(367,'Common mynah',4,'M','Khaki','Carvedilol','Aston Martin',10),(368,'Long-tailed jaeger',5,'F','Maroon','Zeel','Lexus',5),(369,'Bird, red-billed tropic',19,'F','Teal','Acetaminophen, Dextromethorphan Hydrobromide, Guaifenesin, Phenylephrine Hydrochloride','Acura',3),(370,'Snake, western patch-nosed',7,'M','Purple','METFORMIN HYDROCHLORIDE','Mercury',7),(371,'White-lipped peccary',13,'F','Violet','CEFTIN','Ford',6),(372,'Blue and yellow macaw',9,'M','Orange','ZIAGEN','Dodge',13),(373,'Common eland',18,'F','Violet','Sleep Aid','Mercury',17),(374,'Vulture, turkey',15,'F','Goldenrod','Roll On Anti Perspirant','Cadillac',6),(375,'Manatee',1,'F','Aquamarine','Amlodipine Besylate and Benazepril Hydrochloride','Lincoln',17),(376,'Fox, pampa gray',18,'F','Pink','Orphenadrine Citrate','Jaguar',19),(377,'Small Indian mongoose',19,'F','Indigo','Ampicillin','Lexus',11),(378,'Savanna fox',12,'M','Turquoise','Triamcinolone Acetonide','GMC',19),(379,'Impala',20,'M','Green','Valacyclovir Hydrochloride','Dodge',2),(380,'Lark, horned',16,'M','Red','Diprivan','Pontiac',16),(381,'Cat, tiger',20,'M','Red','Promethazine hydrochloride','Ferrari',12),(382,'Sacred ibis',20,'F','Purple','Mary Kay Blemish Control Toner','GMC',9),(383,'Spotted hyena',8,'M','Yellow','Histenol Forte II','Chrysler',7),(384,'Asian water buffalo',20,'M','Indigo','RAZADYNE','Subaru',6),(385,'Crane, stanley',7,'M','Mauv','Lorazepam','Dodge',4),(386,'Goldeneye, common',7,'F','Aquamarine','Morphine sulfate','GMC',4),(387,'Yellow-headed caracara',8,'F','Maroon','Fluorouracil','Toyota',13),(388,'Gull, southern black-backed',15,'F','Puce','Docusate Sodium','Suzuki',7),(389,'Lapwing, southern',6,'M','Khaki','Alprazolam','Nissan',19),(390,'Sheep, american bighorn',13,'M','Indigo','Gaba Phenolic','Volvo',8),(391,'Swan, trumpeter',7,'F','Turquoise','CYZONE','Lexus',9),(392,'Indian mynah',20,'F','Violet','Oxygen','Toyota',10),(393,'Red-billed toucan',1,'M','Teal','AMIODARONE HYDROCHLORIDE','Mercury',16),(394,'Owl, australian masked',8,'M','Turquoise','Divalproex Sodium','Mercedes-Benz',13),(395,'Eurasian red squirrel',19,'F','Green','ORCHID BY H E B','Citroën',3),(396,'Marshbird, brown and yellow',12,'M','Goldenrod','Right Guard Xtreme Clear','Mercedes-Benz',18),(397,'African jacana',18,'M','Goldenrod','Acyclovir','Suzuki',18),(398,'Hyena, striped',8,'F','Khaki','care one flu and severe cold and cough','Mercury',16),(399,'Indian mynah',9,'F','Puce','Hemorrhoids','Kia',6),(400,'Starling, red-shouldered glossy',16,'M','Orange','Heparin Sodium','Honda',3),(401,'Puna ibis',11,'M','Fuscia','Etodolac','Cadillac',8),(402,'Dromedary camel',7,'M','Red','Vital Fluid IV Nano Gold Serum','Dodge',8),(403,'White-fronted bee-eater',10,'M','Green','SOLV X','Buick',8),(404,'Canadian tiger swallowtail butterfly',16,'F','Pink','Cefpodoxime Proxetil','Kia',8),(405,'Bulbul, black-fronted',16,'F','Maroon','Cough DM','BMW',16),(406,'Crab, sally lightfoot',15,'F','Red','Spring Grove Unscented Hand Sanitizer','Dodge',11),(407,'Water monitor',12,'M','Blue','Clarins Rouge Hydra Nude - 01 Nude Rose','Mercury',4),(408,'Deer, savannah',11,'F','Aquamarine','SIMVASTATIN','Lincoln',12),(409,'Black-fronted bulbul',3,'M','Turquoise','Thiothixene','Lamborghini',19),(410,'Prairie falcon',13,'M','Pink','Eve Lom Radiance Lift Foundation SPF 15','Volkswagen',16),(411,'Otter, african clawless',19,'F','Teal','Theophylline','Lincoln',8),(412,'South American meadowlark (unidentified)',13,'M','Pink','Necon','Ford',14),(413,'Scarlet macaw',14,'M','Fuscia','Synthroid','GMC',3),(414,'Bee-eater (unidentified)',5,'F','Violet','Aerowound Blood Clotting First Aid','Toyota',2),(415,'Native cat',20,'F','Mauv','Hand Sanitizer','Mitsubishi',5),(416,'Kangaroo, red',6,'M','Puce','tizanidine','Nissan',17),(417,'Hartebeest, red',6,'F','Green','LBEL MAXIMUM COMFORT AND LONG-LASTING FOUNDATION SPF 10','Chrysler',8),(418,'Grey-footed squirrel',4,'F','Blue','Acne Clearning Treatment','Cadillac',17),(419,'Leadbeateri\'s ground hornbill',17,'M','Red','DELFLEX','Toyota',20),(420,'Common genet',17,'M','Yellow','Lice Treatment','Buick',15),(421,'Pied kingfisher',8,'M','Maroon','Haloperidol','Lamborghini',16),(422,'White-winged black tern',13,'M','Blue','Methenamine Hippurate','Chrysler',16),(423,'Eurasian hoopoe',13,'F','Aquamarine','Premasol - sulfite-free (Amino Acid)','Hummer',5),(424,'Golden jackal',16,'F','Puce','Mustela 50 Sunscreen','Ford',12),(425,'Crested screamer',19,'F','Teal','Ketoconazole','GMC',10),(426,'Booby, blue-faced',17,'M','Green','Aurum Equisetum B','Hyundai',20),(427,'Beaver, european',1,'F','Orange','Brevital Sodium','GMC',7),(428,'Roan antelope',20,'F','Khaki','Dandruff','Dodge',9),(429,'Common waterbuck',7,'F','Khaki','Topcare Aspirin','Subaru',15),(430,'Racer, american',6,'F','Indigo','NIGHTTIME SLEEP AID','Dodge',9),(431,'African elephant',5,'F','Mauv','NITROGEN','Lincoln',11),(432,'Owl, madagascar hawk',6,'M','Purple','Advanced','Lincoln',10),(433,'Cat, jungle',13,'M','Maroon','Pantoprazole Sodium','Buick',13),(434,'Lizard, mexican beaded',1,'F','Fuscia','Bang Er Jie High-Efficiency Anti-Bacteria Monomer Silver -Lotion for Women','BMW',9),(435,'Heron, green-backed',14,'F','Crimson','AMARANTHUS RETROFLEXUS POLLEN','Honda',3),(436,'Stork, black-necked',7,'M','Pink','Risperidone','Toyota',8),(437,'Oriental white-backed vulture',17,'F','Red','Lady Speed Stick','Alfa Romeo',19),(438,'Goose, knob-nosed',5,'M','Khaki','Flawless Finish Dual Perfection Makeup SPF 8 Buff','Hyundai',19),(439,'Great horned owl',18,'F','Purple','TRIAMTERENE AND HYDROCHLOROTHIAZIDE','Lexus',9),(440,'Monkey, bleeding heart',9,'F','Pink','LANOXIN','Chevrolet',3),(441,'Rainbow lory',16,'F','Crimson','VIMOVO','Infiniti',14),(442,'European badger',5,'M','Puce','INVEGA SUSTENNA','Chevrolet',15),(443,'Yellow-rumped siskin',7,'M','Yellow','Childrens Delsym','Isuzu',15),(444,'Red-cheeked cordon bleu',10,'M','Red','Vimpat','Hyundai',18),(445,'Hyena, spotted',20,'F','Pink','Citalopram','Cadillac',6),(446,'Jackal, golden',4,'M','Yellow','Dark Circle','Lincoln',7),(447,'Slender-billed cockatoo',17,'M','Aquamarine','Cedar Elm','Toyota',7),(448,'Cat, tiger',11,'M','Khaki','Antifungal','GMC',7),(449,'Openbill, asian',19,'F','Red','Coffee','Honda',17),(450,'Rhesus monkey',7,'M','Goldenrod','Fludeoxyglucose F-18','Mitsubishi',5),(451,'Legaan, Monitor (unidentified)',15,'F','Teal','Indomethacin','Ford',14),(452,'Francolin, swainson\'s',3,'F','Crimson','health mart naproxen sodium','Ford',9),(453,'Bush dog',3,'F','Violet','Topiramate','Ford',5),(454,'Sheathbill, snowy',17,'M','Teal','Carvedilol','Infiniti',7),(455,'Southern white-crowned shrike',19,'F','Red','Childrens Benadryl Itch Cooling','Lexus',1),(456,'Hawk, red-tailed',1,'F','Orange','Stem Cell Renew','Ford',11),(457,'Southern tamandua',11,'F','Fuscia','Erythrocin Stearate','Toyota',20),(458,'Campo flicker',7,'F','Purple','Banana Boat Kids Sin Lagrimas Pump SPF 50','Lincoln',11),(459,'Antelope ground squirrel',2,'M','Blue','IBU','Ford',9),(460,'Cape raven',8,'M','Puce','NASONEX','Chevrolet',13),(461,'Four-striped grass mouse',16,'M','Mauv','Tacrolimus','Mercury',6),(462,'Yellow-crowned night heron',11,'M','Red','Oxandrolone','MINI',11),(463,'Yellow-throated sandgrouse',7,'F','Red','Sweet Corn','BMW',18),(464,'Langur, common',16,'M','Orange','ribavirin','Chevrolet',8),(465,'Stork, saddle-billed',20,'M','Puce','KROGER NICOTINE TRANSDERMAL SYSTEM','Cadillac',20),(466,'Red and blue macaw',1,'M','Indigo','DiorSkin Nude 010 Ivory','Volkswagen',7),(467,'Asian openbill',2,'M','Green','FERRUM PHOSPHORICUM','Jensen',16),(468,'Opossum, american virginia',12,'F','Aquamarine','Metoprolol Tartrate','Plymouth',15),(469,'Kingfisher, white-throated',12,'F','Red','Diphenhydramine HCl','Lexus',1),(470,'Marten, american',3,'M','Khaki','Diazepam','Volkswagen',5),(471,'Frog (unidentified)',12,'F','Teal','Bio Rock Rose','Cadillac',16),(472,'Peacock, indian',11,'F','Indigo','Amlodipine besylate','Infiniti',19),(473,'Asian water dragon',18,'M','Orange','isosorbide mononitrate','Cadillac',3),(474,'Pronghorn',19,'F','Fuscia','Loratadine','Ford',3),(475,'Butterfly, canadian tiger swallowtail',14,'F','Maroon','FORTAZ','Toyota',7),(476,'Gecko, bent-toed',7,'F','Orange','FLOVENT','Ferrari',16),(477,'Spider, wolf',15,'F','Turquoise','Bupropion hydrochloride','Chrysler',2),(478,'Crab-eating raccoon',13,'F','Indigo','Chocolated Laxative','Chevrolet',12),(479,'Brown antechinus',11,'M','Puce','EQUATE','Maserati',10),(480,'Asiatic wild ass',3,'M','Indigo','Sodium Chloride','Toyota',10),(481,'Salmon pink bird eater tarantula',8,'F','Yellow','OCEAN BREEZE 2 IN 1 DANDRUFF','Ford',11),(482,'Eastern fox squirrel',3,'F','Turquoise','flormar REBORN FOUNDATION SUNSCREEN BROAD SPECTRUM SPF 20 SF21 Soft Beige','Infiniti',10),(483,'Blue-breasted cordon bleu',16,'M','Khaki','Standardized Grass Pollen, Orchard Grass','Hummer',14),(484,'Rock dove',1,'M','Indigo','Ventavis','Mercedes-Benz',14),(485,'Shark, blue',20,'F','Aquamarine','GONGJINHYANG SEOL WHITENING JINAEK PROGRAM','BMW',19),(486,'Skua, long-tailed',10,'F','Blue','Carvedilol','Ford',20),(487,'Emerald green tree boa',17,'F','Mauv','Fluconazole','Porsche',5),(488,'Black-cheeked waxbill',15,'F','Red','Topcare ibuprofen','Chevrolet',6),(489,'Cardinal, red-capped',2,'F','Purple','AMMONIUM VALERIANICUM','Cadillac',7),(490,'Hawk, galapagos',9,'F','Violet','Labetalol Hydrochloride','Dodge',8),(491,'Wild water buffalo',17,'M','Aquamarine','ZO SKIN HEALTH','Lexus',1),(492,'Cardinal, red-capped',6,'F','Khaki','Imipramine Hydrochloride','Ford',2),(493,'Owl, madagascar hawk',15,'F','Puce','Gas Relief','Volvo',11),(494,'Heron, green',14,'F','Fuscia','Lincocin','Land Rover',12),(495,'Antelope, roan',12,'F','Fuscia','Galantamine','Subaru',18),(496,'Glossy starling (unidentified)',9,'M','Aquamarine','Ear Wax Removal Aid','Lotus',15),(497,'Squirrel, uinta ground',1,'M','Green','Savella','GMC',3),(498,'Starling, superb',7,'F','Blue','stop smoking aid','Oldsmobile',7),(499,'Sparrow, rufous-collared',19,'M','Orange','Lidocaine','Dodge',20),(500,'Dolphin, common',1,'F','Violet','meloxicam','Audi',7),(501,'Olive baboon',4,'F','Orange','Health Mart Loperamide Hydrochloride','BMW',10),(502,'Kiskadee, great',11,'M','Green','Piyanping antiitch','Panoz',14),(503,'Brown hyena',5,'M','Maroon','Warfarin Sodium','Mitsubishi',16),(504,'Indian leopard',11,'M','Goldenrod','Danazol','Hyundai',16),(505,'Yellow-crowned night heron',1,'M','Green','Smart Sense nasal decongestant pe','Isuzu',2),(506,'Vulture, oriental white-backed',15,'F','Khaki','Humalog','Acura',14),(507,'Gila monster',17,'F','Goldenrod','Povidone Iodine Prep Pad','Toyota',6),(508,'Common melba finch',9,'M','Red','Amiodarone Hydrochloride','Audi',14),(509,'Deer, swamp',4,'F','Indigo','Mountain Series Weekender Medical','GMC',15),(510,'Palm squirrel',18,'M','Mauv','Ibuprofen','Dodge',19),(511,'Mouse, four-striped grass',8,'M','Orange','Lexapro','Audi',19),(512,'Curve-billed thrasher',10,'M','Purple','FazaClo','Saab',13),(513,'Greater roadrunner',14,'M','Mauv','ASSURE Antiseptic Hand Wipes','Mercury',7),(514,'Great egret',3,'M','Khaki','COREG','Chevrolet',16),(515,'Klipspringer',19,'M','Violet','ABILIFY','Scion',2),(516,'Native cat',19,'F','Teal','Treatment Set TS348403','Chevrolet',19),(517,'Steller\'s sea lion',20,'F','Aquamarine','Isosorbide Dinitrate','Ford',10),(518,'Robin, kalahari scrub',17,'F','Indigo','Isosorbide Dinitrate','Buick',8),(519,'Eagle, bald',13,'M','Orange','Colgate','Chevrolet',7),(520,'Heron, green-backed',19,'M','Khaki','Nasal Decongestant','Hyundai',2),(521,'Superb starling',17,'M','Indigo','Xylocaine','MINI',19),(522,'Stanley bustard',20,'M','Teal','ALPRAZOLAM','BMW',7),(523,'Iguana, common green',18,'F','Orange','Nitroglycerin Transdermal Delivery System','Bentley',10),(524,'Savannah deer (unidentified)',18,'M','Goldenrod','Zicam','Lincoln',10),(525,'Greater sage grouse',11,'M','Violet','SHOPKO HEMORRHOIDAL','Volkswagen',3),(526,'Cockatoo, red-breasted',1,'M','Purple','Valacyclovir hydrochloride','Mitsubishi',1),(527,'Black-capped chickadee',16,'M','Mauv','ASPIRIN LOW DOSE','Maserati',2),(528,'King vulture',14,'F','Indigo','Geodon','Mercedes-Benz',8),(529,'Possum, golden brush-tailed',17,'M','Turquoise','BONTRIL','Lincoln',6),(530,'Bunting, crested',13,'F','Puce','Cleocin','Pontiac',9),(531,'Green heron',8,'F','Puce','Ulta Sparkling Lemon Anti-Bacterial Hand Sanitizer','Volkswagen',8),(532,'Madagascar fruit bat',9,'F','Green','Okra','Chevrolet',9),(533,'Kangaroo, eastern grey',9,'F','Pink','Derma-Smoothe/FS','Mitsubishi',6),(534,'Pelican, eastern white',15,'M','Red','Nitrogen','GMC',12),(535,'Topi',19,'M','Teal','Sesame','Ford',6),(536,'Deer, mule',9,'M','Aquamarine','Ithurts','Subaru',18),(537,'Gecko, tokay',1,'F','Teal','DHC Camu Camu White Day Milk','Hummer',5),(538,'Polecat, african',10,'M','Orange','Dyural LM Kit','Pontiac',7),(539,'Southern boubou',18,'M','Fuscia','Bryophyllum Conchae Special Order','Lincoln',19),(540,'Sarus crane',13,'F','Fuscia','Salicylic Acid Corn Remover','Ford',15),(541,'Shelduck, european',17,'F','Indigo','Diazepam','BMW',1),(542,'Snake, green vine',10,'F','Teal','Benzocaine','Suzuki',12),(543,'Madagascar fruit bat',14,'M','Red','Ibuprofen','Mitsubishi',16),(544,'Agama lizard (unidentified)',11,'F','Aquamarine','In Control Nicotine','Nissan',8),(545,'Kori bustard',4,'F','Aquamarine','Cetirizine Hydrochloride','Nissan',18),(546,'Asian openbill',4,'M','Red','OXYGEN','Hyundai',11),(547,'Great horned owl',17,'M','Indigo','Triamcinolone Acetonide','Mitsubishi',17),(548,'Kongoni',3,'M','Mauv','Morphine Sulfate','GMC',15),(549,'Anaconda (unidentified)',15,'F','Pink','Kadian','Ford',12),(550,'Black-faced kangaroo',9,'F','Green','Fresh Hand Sanitizer with vitamin E and aloe','Ford',17),(551,'Chuckwalla',4,'M','Goldenrod','Quetiapine fumarate','Alfa Romeo',9),(552,'Marshbird, brown and yellow',5,'M','Turquoise','ULTRASOL','Lincoln',15),(553,'Cockatoo, red-breasted',5,'M','Violet','fexo fenadine','Mazda',15),(554,'Malleefowl',17,'F','Crimson','Lancome Teint Idole Fresh Wear','Ford',17),(555,'Eagle, long-crested hawk',10,'F','Fuscia','CLE DE PEAU BEAUTE REFINING FLUID FOUNDATION','MINI',19),(556,'Laughing kookaburra',17,'F','Pink','Isosorbide','Mazda',8),(557,'Sheathbill, snowy',1,'M','Goldenrod','Plexion','Lexus',7),(558,'Bulbul, black-eyed',7,'M','Teal','Renes Cuprum Special Order','Buick',1),(559,'Potoroo',6,'F','Orange','Clonidine Hydrochloride','Ford',10),(560,'Gecko (unidentified)',3,'F','Yellow','Lamotrigine','Mercedes-Benz',8),(561,'Stork, painted',8,'F','Violet','Doxycycline','Mercury',8),(562,'Mexican beaded lizard',5,'F','Maroon','Meloxicam','Mercedes-Benz',17),(563,'Galapagos penguin',14,'M','Teal','COREG','Mazda',18),(564,'Common raccoon',5,'M','Crimson','Fioricet','Honda',11),(565,'Cliffchat, mocking',11,'M','Blue','Clean and Clear Advantage Acne Control','Jeep',4),(566,'Cormorant, large',14,'M','Maroon','Acetaminophen PM','Suzuki',9),(567,'Grenadier, purple',3,'F','Crimson','Lexapro','Lotus',1),(568,'Heron, black-crowned night',14,'F','Pink','Icee White Cherry Scented Hand Sanitizer','Hummer',3),(569,'Greater roadrunner',20,'F','Indigo','Bupropion Hydrochloride','Buick',3),(570,'Dove, little brown',4,'F','Violet','DV','Ford',19),(571,'Least chipmunk',10,'F','Crimson','Isosorbide Dinitrate','Buick',8),(572,'Siskin, pine',10,'M','Blue','Arcapta Neohaler','Acura',7),(573,'Macaque, bonnet',2,'M','Green','VIORELE','Chevrolet',16),(574,'Red squirrel',14,'M','Aquamarine','Glyburide (micronized) and Metformin Hydrochloride','Toyota',17),(575,'Weaver, sociable',5,'F','Violet','sunmark cold and flu severe','Ford',3),(576,'Civet (unidentified)',6,'M','Aquamarine','MORPHINE SULFATE','Ford',10),(577,'Rhea, gray',4,'M','Goldenrod','Seven','Lexus',19),(578,'Fringe-eared oryx',8,'M','Indigo','Arnica e rad. 30','Cadillac',9),(579,'Small-clawed otter',7,'F','Blue','Acacia','Mercury',8),(580,'Sheep, stone',13,'M','Yellow','Antiseptic Mouth rinse','Mercedes-Benz',8),(581,'European wild cat',15,'F','Violet','KGS','Ford',11),(582,'Common melba finch',18,'F','Indigo','Arizona Ash Pollen','Kia',8),(583,'Eagle, bateleur',6,'M','Crimson','nicotine','Volvo',4),(584,'Buffalo, asian water',4,'M','Teal','ITCHY SKIN ERUPTIONS','Mazda',3),(585,'Waved albatross',10,'M','Violet','Hydroxyzine Hydrochloride','Dodge',7),(586,'Tortoise, radiated',18,'M','Indigo','Silicea','Ford',5),(587,'Heron, gray',18,'M','Mauv','Pyrite Salvia','Toyota',9),(588,'Hyrax',13,'F','Orange','ABILIFY MAINTENA','Toyota',7),(589,'Gila monster',10,'M','Purple','piperacillin and tazobactam','Chevrolet',8),(590,'Black-crowned night heron',2,'M','Turquoise','Bladder Complex','Buick',15),(591,'Barasingha deer',16,'F','Crimson','Ultra-TechneKow','Pontiac',11),(592,'Common mynah',9,'F','Maroon','PILOCARPINE HYDROCHLORIDE','Pontiac',19),(593,'Jaguar',3,'M','Goldenrod','DROXIA','GMC',11),(594,'Civet, common palm',20,'F','Goldenrod','Vital Fluid I Platinum Anti Wrinkle Serum','GMC',12),(595,'Trumpeter swan',2,'F','Aquamarine','Furosemide','Ford',7),(596,'Common seal',15,'M','Crimson','Sulfamethoxazole and Trimethoprim','Chevrolet',20),(597,'Goliath heron',2,'F','Blue','Felodipine','Cadillac',16),(598,'Green-winged macaw',3,'M','Teal','Aletris - Heel','Mercedes-Benz',12),(599,'Red-breasted cockatoo',19,'M','Green','Dulcamara comp.','Lexus',16),(600,'Grison',11,'F','Turquoise','Avena Valeriana Nerve Relief','GMC',1),(601,'Eagle owl (unidentified)',6,'F','Violet','Lorazepam','Chevrolet',4),(602,'European wild cat',20,'M','Fuscia','topcare antacid calcium','Kia',15),(603,'Legaan, ground',7,'F','Yellow','BENZTROPINE MESYLATE','Mazda',12),(604,'Red-billed tropic bird',20,'F','Pink','Cuts and Scrapes','Mercedes-Benz',6),(605,'Parrot, hawk-headed',8,'M','Indigo','Coppertone Wet n Clear Kids','Hummer',18),(606,'American bison',8,'M','Goldenrod','ONDANSETRON HYDROCHLORIDE','Dodge',12),(607,'Cottonmouth',5,'F','Crimson','AVANDAMET','Nissan',18),(608,'Stork, white',14,'M','Blue','CARISOPRODOL','GMC',20),(609,'Swallow-tail gull',6,'F','Indigo','Valsartan and hydrochlorothiazide','Suzuki',7),(610,'Mongoose, javan gold-spotted',13,'F','Red','Wal-Phed PE','Buick',3),(611,'Macaw, blue and gold',4,'M','Turquoise','Chelidonium Cichorium','Kia',6),(612,'Flamingo, chilean',9,'M','Mauv','Sorbet APF','Hyundai',17),(613,'Campo flicker',16,'M','Fuscia','LISINOPRIL AND HYDROCHLOROTHIAZIDE','GMC',4),(614,'Pale-throated three-toed sloth',11,'M','Fuscia','Silphen DM Cough','Lexus',16),(615,'Rat, arboral spiny',10,'F','Mauv','simvastatin','GMC',14),(616,'Greater blue-eared starling',13,'M','Orange','Jock Itch','Subaru',17),(617,'Stork, woolly-necked',16,'F','Puce','Wonderblur Immediate Skin Smoothing Finishing Broad Spectrum SPF30','Lamborghini',18),(618,'Trumpeter swan',9,'F','Indigo','Androgel','Ford',1),(619,'Dolphin, bottle-nose',10,'M','Green','Triamcinolone Acetonide','Toyota',1),(620,'Cape fox',2,'F','Violet','Alka-Seltzer Plus Day and Night Severe Cold and Flu','Honda',13),(621,'Guanaco',14,'M','Puce','Pecan Pollen','Isuzu',17),(622,'Gila monster',5,'M','Crimson','AMIFOSTINE','Saab',17),(623,'Elephant, african',4,'F','Aquamarine','cough and sore throat','Pontiac',15),(624,'Groundhog',20,'F','Green','A.H.C Real Eye For Face','Dodge',9),(625,'Huron',4,'M','Teal','Risperidone','Ford',10),(626,'Egyptian cobra',5,'F','Khaki','Clonazepam','Ford',1),(627,'Bird, black-throated butcher',11,'F','Orange','Menadione','Ford',20),(628,'Masked booby',19,'M','Puce','AVALIDE','Acura',11),(629,'Hanuman langur',16,'F','Aquamarine','Sanatos','Mitsubishi',4),(630,'Buffalo, wild water',19,'M','Khaki','Lymphdrainex','Volkswagen',5),(631,'Wolf, timber',9,'M','Pink','Mineral Oil Lubricant Laxative','Mercedes-Benz',6),(632,'Capuchin, black-capped',8,'F','Pink','Ampicillin and Sulbactam','Ford',14),(633,'Black bear',2,'M','Teal','Hand Sanitizer','Ford',12),(634,'Rhea, greater',2,'F','Turquoise','Aspergillus terreus','Dodge',17),(635,'Gazer, sun',11,'F','Red','Gabapentin','Lotus',17),(636,'Peacock, blue',19,'F','Purple','XARELTO','Mitsubishi',19),(637,'Bush dog',11,'M','Goldenrod','topcare nite time cold and flu relief','Toyota',12),(638,'Thrasher, curve-billed',9,'M','Puce','Doxazosin','Saturn',16),(639,'Lion, galapagos sea',6,'F','Teal','Antibacterial Foaming Hand Sanitizer','Kia',14),(640,'House sparrow',3,'F','Khaki','Bio-Scriptives Repiderm','Toyota',4),(641,'Lemur, ring-tailed',10,'F','Teal','PURELL Instant Hand Sanitizer Foam (ETHYL ALCOHOL)','Mitsubishi',16),(642,'Squirrel, grey-footed',14,'M','Aquamarine','Chloroquine Phosphate','Suzuki',6),(643,'Burchell\'s gonolek',4,'M','Green','Citrus Burst Antibacterial Foaming Hand Wash','Cadillac',17),(644,'Armadillo, giant',3,'M','Aquamarine','Hydrocodone Bitartrate and Ibuprofen','Mercedes-Benz',12),(645,'Porcupine, african',17,'F','Crimson','H-Releve Hemorrhoidal','Plymouth',8),(646,'Striped hyena',3,'F','Goldenrod','Red Maple','Hyundai',18),(647,'Stork, painted',16,'F','Purple','CIPRODEX','Mercedes-Benz',8),(648,'Pheasant, common',17,'M','Fuscia','LEXIVA','Chevrolet',18),(649,'Turkey, australian brush',20,'F','Blue','EPICOCCUM NIGRUM','Nissan',2),(650,'Arctic fox',3,'F','Teal','Sertraline Hydrochloride Tablets','Chevrolet',11),(651,'Burmese black mountain tortoise',11,'M','Turquoise','ENTOCORT','Ford',8),(652,'Red-tailed wambenger',3,'M','Puce','English Walnut','Ford',3),(653,'Vulture, oriental white-backed',13,'M','Aquamarine','Triamcinolone Acetonide','Pontiac',17),(654,'Defassa waterbuck',5,'M','Indigo','Non-Drowsy Sinus Congestion and Pain','Mitsubishi',9),(655,'Crow, american',1,'M','Khaki','sinus','Mercedes-Benz',15),(656,'Crab-eating fox',12,'F','Fuscia','Hydrocortisone Acetate and Pramoxine Hydrochloride','Nissan',1),(657,'Burmese brown mountain tortoise',2,'F','Fuscia','healthy accents omeprazole','Lexus',14),(658,'Lemming, arctic',18,'F','Crimson','ALPHAGAN P','Buick',9),(659,'Antelope, roan',1,'F','Mauv','APIS MELLIFICA','Mitsubishi',2),(660,'Topi',12,'F','Aquamarine','Maximum Strength Mucus Relief Cold and SInus Max','Volkswagen',17),(661,'Great cormorant',10,'F','Puce','MENOPAUSE SUPPORT','Chevrolet',14),(662,'Heron, green-backed',13,'F','Blue','Exuviance CoverBlend Concealing Treatment Makeup','Lincoln',14),(663,'Western patch-nosed snake',8,'F','Teal','bareMinerals Daily Defense Broad Spectrum SPF 30','GMC',20),(664,'Buffalo, wild water',1,'M','Khaki','acid reducer','Scion',5),(665,'Striped dolphin',10,'M','Puce','ciprofloxacin','Plymouth',20),(666,'Nyala',11,'F','Yellow','Corn Smut','Buick',17),(667,'Monitor, white-throated',12,'F','Green','Labetalol Hydrochloride','Mercury',17),(668,'Bushbuck',10,'M','Violet','CVS pharmacy','Dodge',7),(669,'Crane, wattled',12,'F','Turquoise','Fluoxetine','Cadillac',16),(670,'Yellow-billed stork',6,'M','Pink','Perphenazine','Mercedes-Benz',6),(671,'Hartebeest, red',17,'M','Violet','Toms Whole Care Peppermint','Kia',3),(672,'Vicuna',12,'F','Teal','RISPERDAL','Lotus',17),(673,'Eastern cottontail rabbit',19,'F','Green','Spironolactone','GMC',18),(674,'American woodcock',1,'M','Green','Zep Tranquil Meadows','Honda',10),(675,'Kangaroo, western grey',4,'F','Crimson','Nexplanon','GMC',19),(676,'Rock dove',11,'F','Aquamarine','Senna','GMC',5),(677,'Baleen whale',19,'F','Purple','Sooryehan Pure Whitening Spot Treatment','Ford',15),(678,'Eagle, bald',11,'M','Puce','HYDROCHLOROTHIAZIDE','Mazda',10),(679,'Southern boubou',4,'M','Red','amlodipine besylate','Ford',10),(680,'Uinta ground squirrel',16,'M','Maroon','Loratadine','BMW',12),(681,'Swallow (unidentified)',17,'F','Violet','DHC White Sunscreen','Land Rover',20),(682,'Purple moorhen',3,'F','Red','LIPOFEN','Pontiac',17),(683,'Fox, silver-backed',20,'F','Maroon','SimmyungSaengMoSu','Mitsubishi',2),(684,'Tarantula',13,'M','Green','HOUSE DUST','Ford',20),(685,'Old world fruit bat (unidentified)',11,'F','Violet','Gynol II','Dodge',5),(686,'Lemur, brown',12,'F','Teal','Diabetes','Lexus',5),(687,'Great kiskadee',11,'F','Pink','FLAWLESS FINISH PERFECTLY NUDE MAKEUP BROAD SPECTRUM SUNSCREEN SPF 15 SHADE NATURAL','Ford',8),(688,'Adouri (unidentified)',6,'F','Yellow','BABOR CLEANSING Rose Toning','GMC',17),(689,'European shelduck',15,'F','Maroon','AtoQ30 Solution','Hyundai',2),(690,'Sockeye salmon',12,'M','Teal','Eszopiclone','Lexus',5),(691,'White-winged dove',10,'M','Fuscia','Diltiazem Hydrochloride','BMW',3),(692,'Brazilian tapir',10,'M','Pink','Lidocaine Hydrochloride','Saturn',11),(693,'Brazilian tapir',5,'F','Violet','Allergy Relief','Porsche',18),(694,'Shrew, mandras tree',2,'M','Red','UltrasolSunscreen','Pontiac',2),(695,'African clawless otter',16,'F','Turquoise','Flecainide Acetate','Volkswagen',15),(696,'Common rhea',4,'M','Orange','Felodipine','Mercedes-Benz',3),(697,'Polar bear',2,'M','Red','Head and Shoulders','Mitsubishi',15),(698,'Australian masked owl',17,'M','Goldenrod','Treatment Set TS331955','Suzuki',18),(699,'Sociable weaver',15,'M','Red','Benazepril Hydrochloride','Lincoln',13),(700,'Antelope, roan',15,'F','Orange','Cyclobenzaprine Hydrochloride','Acura',13),(701,'Grey heron',4,'F','Turquoise','AHC Collagen Serum','Honda',11),(702,'Topi',5,'M','Pink','MESQUITE POLLEN','Mazda',7),(703,'Stork, painted',19,'F','Aquamarine','Cetirizine Hydrochloride','Maserati',7),(704,'Indian giant squirrel',3,'F','Fuscia','CD DIORSKIN NUDE SKIN-GLOWING MAKEUP SUNSCREEN BROAD SPECTRUM SPF 15 031 Sand','Buick',19),(705,'Vulture, black',8,'M','Orange','TOXICODENDRON PUBESCENS LEAF','Ford',11),(706,'Weeper capuchin',10,'F','Indigo','Canadian Blue Grass','Mercury',14),(707,'Shrike, crimson-breasted',4,'M','Aquamarine','NARS Pure Radiant Tinted Moisturizer','Pontiac',17),(708,'Bateleur eagle',15,'M','Fuscia','Sage And Zinc Facial Hydrating','Chevrolet',11),(709,'Malagasy ground boa',12,'M','Red','HOUSE DUST','Hyundai',15),(710,'Two-toed tree sloth',18,'M','Mauv','Neomycin and Polymyxin B Sulfates and Hydrocortisone','Jaguar',17),(711,'Wolf, common',5,'M','Crimson','Orphenadrine Citrate','Dodge',16),(712,'Cape starling',18,'F','Aquamarine','AMBROSIA TENUIFOLIA POLLEN','Isuzu',6),(713,'North American porcupine',3,'F','Aquamarine','Trazodone Hydrochloride','Mercedes-Benz',5),(714,'Yellow-necked spurfowl',14,'M','Fuscia','FLEBEAUTE COLLAGENIC SKIN COVER','Hummer',17),(715,'Iguana, land',12,'F','Green','Island Breeze Antibacterial Foaming Hand Wash','Suzuki',1),(716,'Russian dragonfly',13,'F','Violet','Dextrose','Ford',12),(717,'Owl, white-browed',2,'F','Goldenrod','Hydrochlorothiazide','Audi',1),(718,'Blue catfish',10,'M','Crimson','LBEL FILLING EFFECT FOUNDATION SPF 10','Kia',11),(719,'Finch, common melba',6,'F','Violet','Pleo Cup','Honda',11),(720,'Quail, gambel\'s',7,'F','Indigo','Cyclobenzaprine Hydrochloride','Cadillac',1),(721,'Python (unidentified)',16,'M','Puce','Amoxicillin and Clavulanate Potassium','GMC',8),(722,'Rabbit, eastern cottontail',1,'M','Indigo','Antiox','Pontiac',20),(723,'Scarlet macaw',3,'F','Yellow','Lisinopril and hydrochlorothiazide','Buick',12),(724,'Black-tailed prairie dog',4,'M','Teal','Fluvoxamine Maleate','Aston Martin',10),(725,'Coyote',13,'M','Goldenrod','Oxycodone and Acetaminophen','Chevrolet',6),(726,'Fox, silver-backed',4,'M','Puce','Cefprozil','Subaru',2),(727,'Hoopoe, eurasian',10,'F','Aquamarine','Lisinopril','Chevrolet',12),(728,'Gemsbok',17,'M','Puce','Treatment Set TS329894','Chrysler',5),(729,'Woolly-necked stork',20,'M','Pink','Chlorpromazine Hydrochloride','Cadillac',11),(730,'Gecko (unidentified)',13,'M','Fuscia','Rifadin','Toyota',12),(731,'Rhea, greater',16,'F','Violet','Gold Bond Foot','Ford',3),(732,'Seal, common',4,'F','Turquoise','Gas Relief','Ford',9),(733,'Phascogale, brush-tailed',14,'F','Yellow','Etodolac','Hyundai',9),(734,'Otter, canadian river',20,'F','Fuscia','First Aid Value Pack - 77 Pieces','Plymouth',8),(735,'Turkey, common',18,'F','Pink','Symax SL','BMW',7),(736,'Zebra, common',18,'F','Green','NEOSPORIN G.U.','Nissan',5),(737,'North American porcupine',18,'F','Aquamarine','Ampicillin and Sulbactam','Jeep',1),(738,'Squirrel, smith\'s bush',8,'M','Green','Tranexamic Acid','Jeep',18),(739,'Four-horned antelope',8,'F','Teal','Morphine Sulfate','GMC',16),(740,'Squirrel, nelson ground',2,'M','Teal','Paroxetine','Audi',7),(741,'Penguin, fairy',20,'F','Yellow','Air','Shelby',15),(742,'Red-billed buffalo weaver',20,'M','Fuscia','Gold Bond Baby Cornstarch Plus','Jeep',5),(743,'Tropical buckeye butterfly',14,'M','Indigo','EXTAVIA','Audi',8),(744,'Little heron',1,'M','Aquamarine','MUCOR PLUMBEUS','Honda',14),(745,'Kori bustard',14,'F','Blue','THE FLOWER UV INTENSE PACT','Chevrolet',6),(746,'Beaver, american',14,'M','Blue','Rheumatoid Arthritis Nosode','Mitsubishi',3),(747,'White-nosed coatimundi',15,'M','Pink','Cefepime','Ford',19),(748,'Manatee',2,'F','Aquamarine','tension headache relief','Suzuki',14),(749,'Sarus crane',10,'M','Maroon','Arizona Cypress','Toyota',8),(750,'Camel, dromedary',2,'F','Blue','Amazing Face','Daewoo',5),(751,'Lark, horned',3,'M','Purple','Gentle Laxative','Lotus',2),(752,'Curve-billed thrasher',5,'F','Mauv','Inflamyar','Nissan',19),(753,'Coke\'s hartebeest',4,'M','Goldenrod','Omnaris','Jeep',13),(754,'Crab (unidentified)',12,'F','Indigo','Salicylic Acid','Honda',15),(755,'Racer, american',17,'M','Green','Lidocaine Hydrochloride','Audi',15),(756,'Lemur, lesser mouse',19,'M','Puce','WARTS','Infiniti',18),(757,'Butterfly, tropical buckeye',17,'F','Blue','Senna laxative','GMC',17),(758,'Common turkey',4,'F','Violet','Lysol','Ford',14),(759,'Barasingha deer',10,'F','Yellow','7 Select Antacid','Dodge',6),(760,'Javan gold-spotted mongoose',2,'M','Orange','PredniSONE','Ford',20),(761,'Gazelle, thomson\'s',9,'M','Fuscia','WESTERN RAGWEED POLLEN','Pontiac',5),(762,'Madagascar hawk owl',1,'F','Aquamarine','topiramate','Lexus',18),(763,'Greylag goose',1,'F','Red','Amiodarone Hydrochloride','Nissan',3),(764,'Southern boubou',4,'M','Blue','Hongo Killer','Dodge',16),(765,'Skua, great',2,'M','Red','Citalopram Hydrobromide','Ford',17),(766,'Woodpecker, downy',8,'M','Crimson','VENTOLINHFA','Mercury',17),(767,'Jaeger, long-tailed',15,'M','Red','Covergirl Queen Collection All Day Flawless 3in1 Foundation','Infiniti',13),(768,'Coatimundi, ring-tailed',16,'M','Purple','Otic Care Antipyrine and Benzocaine','Chevrolet',10),(769,'Mongoose, banded',16,'F','Aquamarine','Blackberry','Aston Martin',18),(770,'Vulture, lappet-faced',15,'F','Fuscia','Metoprolol Tartrate','Pontiac',11),(771,'Four-striped grass mouse',12,'F','Violet','EFFET PARFAIT','Hyundai',18),(772,'Hartebeest, coke\'s',20,'F','Crimson','Walgreens Dark Tanning Oil Sunscreen','Subaru',16),(773,'Bleu, red-cheeked cordon',11,'F','Khaki','PHOSPHORUS','Suzuki',14),(774,'Blue and gold macaw',7,'M','Indigo','Body Series Deodorant and Antiperspirant Roll-On','Pontiac',18),(775,'Wallaby, river',15,'M','Blue','HEADACHE STIFF NECK','Isuzu',20),(776,'Boa, emerald green tree',20,'M','Fuscia','Perfecting Liquid Foundation Honey Beige','Jeep',18),(777,'Cockatoo, roseate',17,'M','Aquamarine','Arthritis Creme','Dodge',19),(778,'Phalarope, red-necked',11,'M','Indigo','Quality Choice Effervescent Cold Relief Plus','GMC',2),(779,'Oribi',3,'F','Red','Effer-K','Mercury',1),(780,'Vulture, oriental white-backed',2,'F','Purple','Choice Vitamin A D','Ford',9),(781,'Rhea, greater',19,'M','Blue','QUERCUS RUBRA POLLEN','Buick',16),(782,'White-winged black tern',14,'M','Orange','Mometasone Furoate','Hyundai',10),(783,'Francolin, coqui',11,'M','Purple','SABRIL','Lexus',10),(784,'Lemming, arctic',5,'M','Maroon','Select Brand Hemorrhoid','GMC',3),(785,'Goanna lizard',18,'M','Purple','Lamotrigine','Hummer',13),(786,'Common goldeneye',12,'F','Pink','CORAL ANALGESIC','Mitsubishi',14),(787,'Skink, african',17,'F','Aquamarine','FungiFoam','Volvo',17),(788,'Black-backed jackal',18,'F','Indigo','Furosemide','Pontiac',20),(789,'Greater sage grouse',4,'F','Puce','Epinastine Hydrochloride','Mitsubishi',8),(790,'Grey fox',13,'F','Blue','Coppertone Clearly Sheer For Beach and Pool','Ford',10),(791,'Australian magpie',2,'M','Pink','Technetium Tc99m Generator','Pontiac',4),(792,'Eurasian red squirrel',15,'M','Goldenrod','Tussin DM','Kia',12),(793,'Old world fruit bat (unidentified)',17,'M','Yellow','Ramipril','Toyota',19),(794,'Reedbuck, bohor',11,'F','Violet','Robitussin Peak Cold Sugar-Free Cough Plus Chest Congestion DM','Mitsubishi',7),(795,'Jacana, african',5,'M','Orange','NARS PRO-PRIME MULTI-PROTECT PRIMER','Volkswagen',18),(796,'Blue-faced booby',8,'F','Yellow','Pollens - Weeds, Kochia scoparia','Lamborghini',9),(797,'Snake, eastern indigo',16,'M','Mauv','nite time','Lexus',19),(798,'Nighthawk, common',11,'M','Green','Pink Grape Fruit Waterless Anti-bacterial Hand Sanitizer','Mercedes-Benz',20),(799,'Jacana, african',18,'F','Purple','Asepxia','Dodge',9),(800,'Manatee',8,'M','Maroon','VIREX','Mercury',8),(801,'Kirk\'s dik dik',17,'F','Crimson','Raspberry Scented Hand Sanitizer','Mitsubishi',3),(802,'Pine snake (unidentified)',17,'F','Violet','UV LOCK FLOWER MILD SUN','Pontiac',5),(803,'Magistrate black colobus',18,'M','Mauv','Amoxicillin','Toyota',15),(804,'Spoonbill, white',14,'M','Purple','Gabapentin','Volvo',6),(805,'Coke\'s hartebeest',17,'M','Khaki','Cool Foot','Lexus',9),(806,'Black kite',1,'M','Orange','Poly Hist PD','BMW',6),(807,'Gerbil (unidentified)',17,'F','Goldenrod','Medulla Arnica','Aston Martin',3),(808,'Sea birds (unidentified)',11,'M','Mauv','Hydralazine Hydrochloride','Ford',3),(809,'Possum, ring-tailed',18,'F','Green','Alba Botanica Natural Very Emollient Daily Shade SPF15','Mercedes-Benz',10),(810,'Malleefowl',16,'F','Violet','LORCET PLUS','Acura',19),(811,'Black-throated butcher bird',13,'M','Maroon','Oxycodone Hydrochloride','Mazda',18),(812,'Savannah deer',19,'M','Red','TussiCaps','Volkswagen',3),(813,'Greylag goose',19,'F','Orange','Rifampin','Audi',13),(814,'Peccary, white-lipped',3,'F','Orange','Doxycycline Monohydrate','Toyota',7),(815,'Mongoose, eastern dwarf',15,'F','Mauv','Extra Strength Pain Reliever','Maserati',12),(816,'Mudskipper (unidentified)',13,'F','Crimson','Lip Remedy Medicinal Lip Balm','Infiniti',7),(817,'Lizard, desert spiny',15,'M','Aquamarine','Dexamethasone','Chevrolet',13),(818,'Macaw, red and blue',13,'M','Purple','Isosorbide mononitrate','Dodge',1),(819,'Sunbird, lesser double-collared',8,'M','Maroon','Non-Drowsy Sinus Congestion and Pain Relief','Chevrolet',15),(820,'Pied avocet',19,'F','Goldenrod','True Essentials','Pontiac',7),(821,'Red-billed hornbill',18,'M','Goldenrod','Cladribine','Porsche',19),(822,'Yellow-brown sungazer',17,'M','Red','HYLENEX Recombinant','Chevrolet',13),(823,'Polar bear',1,'M','Indigo','Nizatidine','Lincoln',13),(824,'Common dolphin',5,'F','Violet','TYLENOL SINUS','Kia',5),(825,'Ringtail',13,'F','Maroon','Sinus PE And Allergy Maximum Strength','GMC',3),(826,'Brindled gnu',7,'F','Teal','ESIKA','Ford',9),(827,'Nubian bee-eater',17,'M','Maroon','Ketorolac Tromethamine','Mazda',11),(828,'Greater rhea',15,'M','Yellow','Emtriva','Chevrolet',6),(829,'White-lipped peccary',17,'F','Purple','Fenofibrate','GMC',6),(830,'Thirteen-lined squirrel',7,'M','Teal','lansoprazole','Toyota',10),(831,'Potoroo',12,'F','Indigo','MiniDrops','Mitsubishi',6),(832,'Deer, black-tailed',19,'F','Aquamarine','Buprenorphine HCl','Mazda',11),(833,'White-eye, pale',17,'M','Turquoise','Bupropion Hydrochloride','Dodge',4),(834,'Yellow-billed stork',18,'F','Maroon','Tragacanth Gum','Ford',17),(835,'Small Indian mongoose',15,'F','Yellow','stay awake','Volkswagen',13),(836,'Kiskadee, great',6,'F','Maroon','Mentholatum Natural Ice','Lamborghini',2),(837,'Common shelduck',14,'F','Violet','Cisatracurium Besylate','Chevrolet',4),(838,'Hyena, brown',17,'F','Purple','Glimepiride','Mercedes-Benz',13),(839,'Indian mynah',18,'M','Mauv','Vida Mia Hand Sanitizer Aloe Vera','Mercedes-Benz',20),(840,'Blue peacock',17,'M','Teal','Vicks NyQuil Cold and Flu Nighttime Relief and Vicks Childrens NyQuil Cold and Cough','Mazda',18),(841,'Urial',14,'F','Purple','ONDANSETRON','Lexus',5),(842,'Shrike, crimson-breasted',15,'F','Crimson','Metoprolol Succinate','Mercedes-Benz',12),(843,'Gray duiker',9,'F','Goldenrod','Diazepam','Lexus',3),(844,'Herring gull',4,'F','Green','glimepiride','Mercury',16),(845,'Gila monster',17,'F','Red','Cefaclor','Chevrolet',8),(846,'Little cormorant',11,'M','Red','Youthful Wear Cosmeceutical Youth Boosting Foundation','Chevrolet',13),(847,'Mockingbird, galapagos',15,'F','Aquamarine','Ocean Potion Instant Burn Relief Ice','Subaru',2),(848,'Yak',2,'M','Pink','TINTED MOISTURIZER','Mitsubishi',6),(849,'Jungle kangaroo',17,'F','Green','Alba Botanica Natural Even Advanced Sea Moss Moisturizer SPF15','Chevrolet',12),(850,'Long-tailed spotted cat',20,'F','Yellow','Neomycin and Polymyxin B Sulfates, Bacitracin Zinc, and Hydrocortisone','Volkswagen',20),(851,'European red squirrel',3,'F','Fuscia','Carbidopa and Levodopa','Volkswagen',8),(852,'Partridge, coqui',5,'M','Red','Oxygen-Carbon Dioxide Mixture','Rolls-Royce',4),(853,'Ring-necked pheasant',16,'M','Green','Maxair Autohaler','Toyota',17),(854,'Pale white-eye',13,'F','Purple','KLEENEX Luxury Foam Hand Sanitizer','Chevrolet',5),(855,'Whale, southern right',5,'F','Green','Brimonidine Tartrate','BMW',1),(856,'Hanuman langur',10,'F','Mauv','BACITRACIN','Hyundai',16),(857,'Burmese black mountain tortoise',4,'F','Goldenrod','Lisinopril','Ford',15),(858,'Lizard, giant girdled',10,'M','Blue','Lyrica','Porsche',11),(859,'Dove, ring',9,'M','Mauv','Sting Relief Pads','Volkswagen',1),(860,'Verreaux\'s sifaka',10,'M','Red','Soin Solaire Complete SPF30','Lincoln',15),(861,'Eurasian beaver',3,'F','Turquoise','Metformin Hydrochloride','Land Rover',3),(862,'Elk, Wapiti',16,'F','Crimson','Hay Fever','Lexus',7),(863,'Southern boubou',10,'F','Blue','Hydrogen Peroxide','GMC',3),(864,'Crow, american',5,'M','Green','Fludeoxyglucose F 18','Lincoln',6),(865,'Greater kudu',13,'F','Khaki','Arsenicum Album Kit Refill','BMW',14),(866,'Yellow-throated sandgrouse',6,'F','Teal','oxycodone hydrochloride','Chrysler',9),(867,'Long-tailed skua',3,'M','Green','LidoCream 5','GMC',6),(868,'American crow',7,'F','Indigo','Furosemide','Volkswagen',11),(869,'Zorilla',17,'M','Fuscia','Warfarin Sodium','Mazda',15),(870,'Cat, native',16,'F','Purple','Xylocaine','GMC',5),(871,'Mountain duck',4,'F','Purple','Lisinopril','GMC',10),(872,'Armadillo, nine-banded',4,'F','Pink','DILAUDID','Aston Martin',10),(873,'Cormorant, pied',6,'F','Turquoise','ofloxacin','Dodge',11),(874,'Kangaroo, eastern grey',7,'M','Turquoise','PEGINTRON','Dodge',19),(875,'Tasmanian devil',2,'M','Goldenrod','LOreal Paris Ideal Moisture Dry Skin Broad Spectrum SPF 25 Sunscreen','Chevrolet',14),(876,'Langur, hanuman',20,'M','Teal','Kadian','GMC',16),(877,'Eastern boa constrictor',4,'F','Green','Urinary Pain Relief','Mercury',2),(878,'Bushbaby, large-eared',14,'F','Violet','Meloxicam','Mitsubishi',12),(879,'Pygmy possum',9,'M','Orange','AMITRIPTYLINE HYDROCHLORIDE','Chevrolet',16),(880,'Blue-breasted cordon bleu',8,'F','Aquamarine','CPDA-1','Mazda',6),(881,'White-faced tree rat',1,'M','Orange','Piroxicam','Mercury',4),(882,'Golden eagle',7,'F','Orange','Delsym','Chrysler',1),(883,'Two-toed sloth',1,'F','Violet','Terazosin Hydrochloride','Mercedes-Benz',11),(884,'Margay',5,'F','Maroon','Mycophenolic Acid','GMC',19),(885,'Indian star tortoise',1,'M','Puce','Acetaminophen and Codeine Phosphate','Audi',11),(886,'American badger',15,'F','Turquoise','Oxygen','Mercury',10),(887,'Otter, canadian river',9,'M','Blue','Oxycodone hydrochloride','Hyundai',1),(888,'Wolf, mexican',9,'F','Pink','Divalproex Sodium','Dodge',8),(889,'Galapagos penguin',3,'F','Fuscia','FOSINOPRIL Na','Volvo',3),(890,'White spoonbill',16,'M','Fuscia','Loperamide Hydrochloride','Ford',3),(891,'Peacock, indian',13,'F','Aquamarine','Vichy Normaderm','Ford',8),(892,'Capuchin, white-fronted',2,'M','Blue','Amoxicillin','Toyota',17),(893,'Southern lapwing',18,'F','Pink','Natural Advantage SPF 15 All Day Moisture with AHAs','Porsche',9),(894,'Salmon, sockeye',19,'F','Fuscia','DAILY DEFLECTOR MOISTURIZER','Buick',1),(895,'Pheasant, common',17,'M','Pink','Aspirin','Nissan',2),(896,'Vulture, lappet-faced',13,'M','Orange','PEG-3350 and Electrolytes','Chevrolet',8),(897,'Hoffman\'s sloth',19,'F','Maroon','Bodycology','Oldsmobile',19),(898,'Lizard, desert spiny',19,'M','Orange','calcitonin salmon','Pontiac',5),(899,'White-necked raven',15,'F','Orange','CLINIMIX','Mitsubishi',6),(900,'Golden brush-tailed possum',16,'M','Blue','Chewable Aspirin','Lexus',2),(901,'Crane, sandhill',17,'M','Mauv','Amlodipine Besylate and Benazepril Hydrochloride','Mercedes-Benz',8),(902,'Bandicoot, long-nosed',4,'F','Mauv','tizanidine hydrochloride','Saab',9),(903,'Bee-eater, carmine',10,'F','Crimson','AFLURIA','Hyundai',20),(904,'Black-faced kangaroo',6,'M','Turquoise','Ondansetron','Dodge',2),(905,'Siskin, yellow-rumped',17,'F','Teal','Duloxetine','Pontiac',17),(906,'Crab-eating fox',8,'F','Fuscia','Ultram','Nissan',19),(907,'Loris, slender',20,'M','Green','Allegra D-12 Hour','Chevrolet',17),(908,'Common genet',10,'M','Puce','Isopropyl Alcohol','Hyundai',11),(909,'Deer, barasingha',4,'F','Fuscia','Cefoxitin','Lexus',9),(910,'Tammar wallaby',14,'F','Crimson','Miconazole Nitrate','Mazda',2),(911,'Gazelle, grant\'s',6,'M','Pink','NICORETTE','Mercedes-Benz',1),(912,'Indian giant squirrel',18,'F','Orange','LISINOPRIL AND HYDROCHLOROTHIAZIDE','Toyota',16),(913,'Mockingbird, galapagos',7,'M','Crimson','sunmark anti diarrheal','Toyota',8),(914,'Tamandua, southern',8,'F','Puce','CLE DE PEAU BEAUTE SYNACTIF DAYTIME MOISTURIZER n','Audi',13),(915,'Genet, small-spotted',19,'F','Khaki','SHISEIDO PERFECT REFINING FOUNDATION','Subaru',15),(916,'Cat, native',3,'F','Fuscia','ZOLPIDEM TARTRATE','Plymouth',12),(917,'Bunting, crested',6,'F','Green','Broad Spectrum SPF 30 Up The Anti','Porsche',1),(918,'Pheasant, ring-necked',17,'M','Khaki','WELLBUTRIN','Mazda',6),(919,'Python, carpet',1,'M','Puce','Nicotrol (Professional Sample)','Mitsubishi',18),(920,'Boa, emerald green tree',18,'F','Fuscia','ULTRACET','Mercedes-Benz',7),(921,'Swallow-tail gull',13,'F','Crimson','Heparin Sodium','Ford',7),(922,'Kangaroo, eastern grey',10,'M','Aquamarine','RYTHMOL','Volkswagen',10),(923,'Turkey vulture',12,'M','Violet','Total Eye Care','Ford',14),(924,'Rabbit, eastern cottontail',4,'M','Puce','HAND AND NATURE SANITIZER','Chevrolet',20),(925,'Javan gold-spotted mongoose',16,'F','Fuscia','Renewal 7-in-1 Anti-Aging Vitamin','Jaguar',8),(926,'Hawk, ferruginous',5,'M','Crimson','Iodine Bush','Mercedes-Benz',15),(927,'Boubou, southern',17,'F','Purple','Loratadine','Oldsmobile',13),(928,'Dragon, komodo',14,'F','Green','Ciprofloxacin','Chevrolet',13),(929,'Oriental white-backed vulture',5,'F','Maroon','Propranolol Hydrochloride','Audi',11),(930,'Desert spiny lizard',19,'M','Goldenrod','Advanced relief','GMC',10),(931,'Dog, raccoon',17,'F','Blue','Green Guard Cough Drop Relief','Isuzu',4),(932,'Dog, bush',4,'M','Yellow','Levobunolol Hydrochloride','Plymouth',8),(933,'White-fronted capuchin',8,'M','Yellow','TEMAZEPAM','Nissan',4),(934,'Cat, cape wild',19,'M','Orange','SPF 15 Protective Balm with UVA/UVB Sunscreens','Chevrolet',17),(935,'Elephant, asian',8,'F','Khaki','Isopropyl Alcohol','Mazda',1),(936,'Clark\'s nutcracker',4,'F','Pink','Prednisone','Lincoln',14),(937,'Canada goose',6,'F','Teal','VISIBLE DIFFERENCE MULTI TARGETED BB CREAM BROAD SPECTRUM SUNSCREEN SPF 30 SHADE 3','GMC',4),(938,'Brown pelican',17,'M','Maroon','Tobramycin','Audi',1),(939,'Yellow-throated sandgrouse',1,'M','Crimson','Tobramycin and Dexamethasone','Chevrolet',12),(940,'Cat, civet',6,'M','Maroon','The Cure Oil-Free','Pontiac',19),(941,'Badger, american',15,'F','Crimson','Jantoven','Volkswagen',12),(942,'Denham\'s bustard',4,'M','Khaki','Aspirin','Mercury',20),(943,'Oriental short-clawed otter',9,'F','Red','Medroxyprogesterone Acetate','Land Rover',6),(944,'Four-striped grass mouse',2,'M','Red','Prochlorperazine Maleate','Mitsubishi',15),(945,'Gerenuk',12,'F','Turquoise','Oxygen','Lexus',11),(946,'Flicker, campo',6,'F','Puce','SHISEIDO THE SKINCARE TINTED MOISTURE PROTECTION','Nissan',1),(947,'Beaver, american',10,'F','Indigo','Tears Renewed Lubricant','GMC',3),(948,'White-throated robin',15,'M','Crimson','Dexamethasone Sodium Phosphate','Mercury',4),(949,'Bear, american black',11,'F','Purple','Carvedilol','Mitsubishi',18),(950,'Bent-toed gecko',2,'M','Blue','Hair Pulling','Honda',16),(951,'Clark\'s nutcracker',13,'F','Yellow','Triamcinolone Acetonide','Cadillac',4),(952,'Dark-winged trumpeter',19,'F','Goldenrod','WELLBUTRIN XL','Citroën',7),(953,'Snake, carpet',5,'M','Maroon','Dextromethorphan Hydrobromide and Promethazine Hydrochloride','Acura',19),(954,'Blue-tongued lizard',18,'M','Khaki','Doxazosin Mesylate','Dodge',5),(955,'Starling, red-shouldered glossy',18,'M','Fuscia','Soybean','Oldsmobile',3),(956,'Pocket gopher (unidentified)',11,'F','Indigo','Cyclobenzaprine Hydrochloride','Mitsubishi',8),(957,'Orca',13,'F','Turquoise','Petroleum Skin Protectant','Lotus',3),(958,'Steenbuck',1,'F','Indigo','Eye Itch','MINI',2),(959,'Flycatcher, tyrant',11,'M','Crimson','Lipitor','Mazda',12),(960,'Badger, european',17,'F','Puce','Tetracycline Hydrochloride','Ford',2),(961,'Ground legaan',6,'F','Crimson','CeraVe Baby Diaper Rash Cream','BMW',11),(962,'Turkey, wild',5,'M','Blue','pain reliever','Subaru',5),(963,'Hudsonian godwit',12,'M','Fuscia','Pollens - Weeds, Careless/Pigweed Mix','Suzuki',7),(964,'Lizard (unidentified)',11,'F','Teal','Argentum 6','Mercedes-Benz',8),(965,'King vulture',19,'F','Fuscia','HAWAIIAN Tropic','BMW',16),(966,'European badger',3,'M','Violet','Prochlorperazine Maleate','Ford',9),(967,'African polecat',9,'M','Khaki','Berkley and Jensen Lansoprazole','Oldsmobile',19),(968,'Adouri (unidentified)',1,'F','Maroon','Dextroamphetamine saccharate, amphetamine aspartate monohydrate, dextroamphetamine sulfate, amphetamine sulfate','Maserati',18),(969,'Vulture, black',14,'F','Mauv','Levetiracetam','Chevrolet',7),(970,'Kingfisher, pied',7,'M','Pink','Montelukast Sodium','Hyundai',9),(971,'Grouse, sage',7,'M','Puce','Pramipexole Dihydrochloride','Honda',12),(972,'Dusky gull',17,'M','Puce','Diphenhydramine Hcl','Suzuki',18),(973,'African snake (unidentified)',14,'M','Puce','Nigrospora sphaerica','Buick',4),(974,'Goliath heron',11,'M','Crimson','PRAVASTATIN SODIUM','Mercedes-Benz',8),(975,'Snowy owl',4,'M','Maroon','Pantoprazole Sodium','Mercedes-Benz',17),(976,'Thomson\'s gazelle',19,'F','Indigo','Ranitidine Hydrochloride','Plymouth',12),(977,'Onager',14,'F','Green','Hydroxychloroquine sulfate','Suzuki',4),(978,'Southern ground hornbill',14,'M','Red','Roll On Anti-Perspirant Deodorant','Jaguar',10),(979,'Gray heron',12,'M','Violet','Carp','Dodge',17),(980,'Chipmunk, least',7,'M','Fuscia','Atorvastatin Calcium','Ford',8),(981,'Violet-eared waxbill',1,'M','Khaki','gloTriple Action Serum','MINI',20),(982,'Fox, savanna',20,'M','Orange','Safeway Home Lemon Scent','Ford',19),(983,'Dog, african wild',9,'M','Khaki','Hand Wash Nettoyant Pour Les Mains Vallina Tuberose','Maserati',7),(984,'Black-backed jackal',13,'F','Green','Riluzole','Toyota',17),(985,'Cat, long-tailed spotted',16,'M','Yellow','Oxymorphone Hydrochloride','Chevrolet',11),(986,'Bunting, crested',10,'F','Blue','METOPROLOL SUCCINATE','Chevrolet',13),(987,'Great egret',17,'F','Red','Lovastatin','Lincoln',5),(988,'Cormorant, large',19,'F','Mauv','Warfarin Sodium','Ford',18),(989,'Bush dog',20,'M','Orange','Mirtazapine','Honda',6),(990,'Common wallaroo',10,'F','Fuscia','Pacerone','Audi',11),(991,'Woodcock, american',5,'M','Green','Sleep Aid','Honda',7),(992,'Badger, european',10,'M','Red','DayTime NiteTime Cold and Flu','Volkswagen',13),(993,'North American red fox',8,'F','Fuscia','Hand Sanitizer','Mitsubishi',11),(994,'Asian elephant',10,'F','Turquoise','Instant Hand Sanitizer','Dodge',12),(995,'Common long-nosed armadillo',1,'F','Goldenrod','PediaCare Single Dose Fever Reducer','Dodge',3),(996,'Red-knobbed coot',9,'F','Purple','DARAPRIM','GMC',2),(997,'Baboon, olive',12,'M','Khaki','6 CREME 410 TEINTEE','Saab',13),(998,'Crane, stanley',2,'M','Mauv','Alprazolam','Lamborghini',4),(999,'Oystercatcher, blackish',4,'M','Purple','Pentazocine HCl and Acetaminophen','Dodge',6),(1000,'Armadillo, seven-banded',15,'F','Yellow','Trazodone Hydrochloride','Ford',15);
/*!40000 ALTER TABLE `dog_dog` ENABLE KEYS */;
UNLOCK TABLES;
/*!40103 SET TIME_ZONE=@OLD_TIME_ZONE */;

/*!40101 SET SQL_MODE=@OLD_SQL_MODE */;
/*!40014 SET FOREIGN_KEY_CHECKS=@OLD_FOREIGN_KEY_CHECKS */;
/*!40014 SET UNIQUE_CHECKS=@OLD_UNIQUE_CHECKS */;
/*!40101 SET CHARACTER_SET_CLIENT=@OLD_CHARACTER_SET_CLIENT */;
/*!40101 SET CHARACTER_SET_RESULTS=@OLD_CHARACTER_SET_RESULTS */;
/*!40101 SET COLLATION_CONNECTION=@OLD_COLLATION_CONNECTION */;
/*!40111 SET SQL_NOTES=@OLD_SQL_NOTES */;

-- Dump completed on 2021-11-01  0:23:41
